id,type,policyId,senderId,recipientId,subject,body,isRead,isArchived,dateSent
996cc6d7-b0f1-4764-856d-1784e4ca6876,news,,8101d07b-b050-48f4-ad94-7811026503ac,81a84cd0-739d-491a-adfe-f007b518a7d3,Not contain really.,List defense degree gas store bar. Major history whatever everyone. Himself them day sort.,False,True,2025-02-25T06:52:37
fde0d0f8-6cdc-48e3-9551-2e572d6a6a6e,claims,,c58251fc-6666-424f-a5a4-2dabe0cc101d,0925bdc3-854d-41b0-8034-972a5320fafe,Show ever because deal.,Leader subject maybe doctor play main fear. Blood meet any draw. Fine new treat explain cover maintain religious voice. Enjoy front free environment threat girl. Anything rock parent dinner. Like poor yet size.,True,True,2025-03-24T10:15:49
75d6c4e2-f97c-4622-ba8d-ccbc42cd9a08,policy,d6880e2f-6fbd-4ef6-a32d-6280c5279f93,fbe0dc99-25b7-4e37-9989-3b7ea5c9d19f,37d81f42-6820-4481-b72a-6c91f41313f9,Few care future participant forget anything series maintain.,Book movement rise million its sit. Only economic until couple for anyone local. Always know success who third area. Personal lawyer finish one than large.,False,True,2024-07-31T12:59:43
ea7d9ea2-c628-4218-867a-9ef517567ea2,claims,,82c06f86-7edd-4358-946b-d4d271c4fba3,53fbb47a-b83e-440f-913a-5899ace00edf,Mention audience training it wife.,Least box contain contain always. Draw born fish past. Analysis firm company time score believe since. East return peace heart total sort. Get apply treat low experience lose.,False,False,2025-02-04T07:04:33
2ad91e90-088f-41a4-a45f-2b1e0be92e93,claims,,0925bdc3-854d-41b0-8034-972a5320fafe,fbe0dc99-25b7-4e37-9989-3b7ea5c9d19f,Important candidate local foreign letter share.,Team ground person final myself. Art start very type building ten. Might practice style design. Field debate true camera. Receive game experience do focus.,True,False,2024-05-14T14:45:46
eae4f6c1-0b5f-4f24-a385-8632e846d646,claims,,37d81f42-6820-4481-b72a-6c91f41313f9,4006eb05-2125-49f2-a5c5-71c152933c9e,Wrong black politics almost card end.,Well enjoy beautiful discussion significant employee. Several enter off step drug similar cover. Activity rate nearly force participant enter.,True,False,2024-04-12T15:56:01
c7adec1e-609d-470d-ab97-4059723e3525,news,,37d81f42-6820-4481-b72a-6c91f41313f9,9db5f6ec-be86-48d8-9148-65a8193e2ca6,Eight majority have ball continue measure meeting.,Data glass bad mouth might then. Center take rest. Development recently yet doctor most. Democratic check win quality describe pressure happy forward.,False,False,2024-08-06T08:31:40
8ba7842c-85b2-4bc8-a397-dee7bb6ce7e8,policy,9438d48e-9d91-4a97-878d-b65ea692d4cb,e78932bd-c274-4072-a3e1-de893871339f,37d81f42-6820-4481-b72a-6c91f41313f9,Television sport pattern simply radio any.,Reflect offer deep result. Market record according word current number item. Consumer beat wife including.,True,True,2024-06-18T14:35:23
aca87640-0497-4d48-bea7-e62bf3dab3b1,policy,3f67be67-6882-449f-97a0-d86606b148d4,e14cf4f4-637a-4a21-97e3-04fc0c121118,37d81f42-6820-4481-b72a-6c91f41313f9,Professor specific reduce thank blood information east.,Meet husband military its relate. Perhaps listen would fast allow appear physical six. Few behind want instead far kitchen station. Rich moment where six attack. Into finish drug owner. Government technology man another.,True,True,2024-05-12T13:15:17
b8f896ce-6a6d-4cdf-b5b0-b05e29b70ae7,news,,9db5f6ec-be86-48d8-9148-65a8193e2ca6,e78932bd-c274-4072-a3e1-de893871339f,Sense case plan news.,Car blue career federal center feel blue. Magazine seek tonight color particularly although beat cell. General court more window maintain eight each.,False,True,2024-07-14T10:00:16
21b58a85-5588-4b15-8106-6f0779b70bfb,policy,a946306a-e805-41c7-9ce7-c127d55cb896,3e686e2c-b486-4a30-8d2e-fdab42dc4bb5,0925bdc3-854d-41b0-8034-972a5320fafe,Both my will dream.,Natural network time black brother really development left. Father among send relate fine card mind way. Finally address price everyone sport. Above worker officer stay base conference just. Style marriage someone call yet star amount.,False,False,2025-03-07T21:30:43
127f24e7-16d6-403b-9876-4235713b45fe,news,,3e686e2c-b486-4a30-8d2e-fdab42dc4bb5,82c06f86-7edd-4358-946b-d4d271c4fba3,Operation analysis get anyone now try some three.,Science teacher image view address trial treat. Employee I name. Yeah kind worker let.,False,True,2024-04-10T05:36:29
5b871a58-f31b-47df-b59d-ad6fdaf10a43,policy,09f53765-b206-4770-9459-f851381381e3,c58251fc-6666-424f-a5a4-2dabe0cc101d,4006eb05-2125-49f2-a5c5-71c152933c9e,Against strong impact while sure leader.,Nice girl economy month standard. Unit force part standard now property try. Spring safe memory medical sense. Use travel fly there.,False,True,2024-04-24T00:28:53
22f9b5ca-006d-4ead-93cd-f8ce4e3b9ef0,news,,fbe0dc99-25b7-4e37-9989-3b7ea5c9d19f,9db5f6ec-be86-48d8-9148-65a8193e2ca6,Movie window drop good box hour.,Anything then some ask drive. Identify apply list door. Fine above space subject cell.,False,True,2024-04-20T04:36:51
185c48b2-86c6-474f-a301-31ae34d52118,news,,53fbb47a-b83e-440f-913a-5899ace00edf,8101d07b-b050-48f4-ad94-7811026503ac,Throw tree impact country you.,Large huge main together. Believe yard many right occur want. Teach bed nation. Nearly realize three purpose music evidence. Late talk claim. Structure company past they build decade create.,False,True,2024-05-14T02:46:47
27066858-6681-4f88-a74b-842da760f276,policy,8712fd2b-ca7b-4d87-9b30-4096188d465a,8101d07b-b050-48f4-ad94-7811026503ac,7b99cc11-3f72-4479-a4ac-5d5eeb77f173,Financial wait song car pull mouth town.,Ahead relate image two simply yourself green. Gas recently kitchen investment once camera special. Business company treat site. Make religious important summer worker old. Common eye speech. Live social study evening east. Hit turn order size forget.,False,True,2025-03-24T07:12:27
f435a0fe-8784-4d7e-aec7-c4a2ff80a867,policy,6ebc97e1-7c72-47c2-af8c-a20f579e0426,c58251fc-6666-424f-a5a4-2dabe0cc101d,61acefb3-2757-450d-8ce2-80076007a749,Close house outside serious.,Writer safe join various. Three collection price little society anyone include. Wall four after claim deep within thus. Actually history follow activity maybe data space. Coach hold teacher. Cell significant by source.,False,False,2024-07-05T02:45:28
0f3144a3-44aa-42ee-af61-3c2ca0b9c448,policy,df05de23-a093-41ed-83a2-0778065a499c,e14cf4f4-637a-4a21-97e3-04fc0c121118,81a84cd0-739d-491a-adfe-f007b518a7d3,Defense artist old employee.,Three or money bit until. Protect property pull decide. Measure read PM important seat some. Store industry party city. Truth these experience suggest campaign. Foot place level animal.,True,False,2024-04-11T06:18:32
c1078263-00d4-4c61-90fc-c83319c5a204,news,,81a84cd0-739d-491a-adfe-f007b518a7d3,e14cf4f4-637a-4a21-97e3-04fc0c121118,Drop agency term often as recently theory.,Statement who focus establish. Military wind certain sign. Water account share hit. Town middle shake opportunity company. Evening economic safe today game. Ok home avoid official happen sister.,False,False,2024-04-11T15:21:29
64805450-ffe2-4b1e-b32a-b9d3a8087377,claims,,3e686e2c-b486-4a30-8d2e-fdab42dc4bb5,b2dca591-f47d-4226-b212-f2a0f98bf576,Still measure participant.,Gas most why whole behavior. Fire serious low common. Teach most him remain agree win. Car office just record garden. Sell others dinner Mr term. Word number together who produce story whatever.,False,True,2025-02-21T16:05:37
6a86aa72-3574-422c-aa39-d404a7dc8197,claims,,8101d07b-b050-48f4-ad94-7811026503ac,82c06f86-7edd-4358-946b-d4d271c4fba3,Toward painting some instead service staff.,Will discuss reveal player. Beat until play. Window side Republican defense opportunity stop. Music memory process avoid.,False,False,2024-11-21T15:50:13
d1f75961-bc0d-46af-892e-8f663fae528f,claims,,b2dca591-f47d-4226-b212-f2a0f98bf576,02b38af2-105b-4125-ba41-ded071291553,Firm southern there summer pull policy them.,Back other event hope chance form. Management field find notice rule. Middle staff place against.,True,True,2024-07-25T18:50:34
dcf740a2-69d6-45a0-984c-3fb2a31ca399,news,,e14cf4f4-637a-4a21-97e3-04fc0c121118,7b5d883d-9dad-42bf-bc41-aa69c6c5e0d0,Throw anything marriage magazine ability.,Large why never sort. Onto oil debate audience Mrs out buy. Brother always voice Democrat out across at against. Since value reflect institution side run. Everybody sign hard project poor hour.,True,False,2025-02-07T22:10:27
ad4aa9db-6f12-41bc-a27c-c28455350a8a,claims,,7b99cc11-3f72-4479-a4ac-5d5eeb77f173,9db5f6ec-be86-48d8-9148-65a8193e2ca6,Range trouble be last camera understand.,Less game pay while offer write operation. War chair behavior friend fly four change at. Place hotel head able research. Matter school compare remember mouth must.,False,False,2024-05-13T19:48:06
5e763ec4-a5f7-41e1-b638-d2ba0e124d94,news,,fbe0dc99-25b7-4e37-9989-3b7ea5c9d19f,7b5d883d-9dad-42bf-bc41-aa69c6c5e0d0,System continue camera of where rather.,Southern money nor order try support capital. Moment station land pay sit. Last pretty miss southern stand contain save.,False,False,2024-07-04T14:36:01
c3431d42-a502-4d8d-b3cb-eaf049b8b47e,news,,37d81f42-6820-4481-b72a-6c91f41313f9,79099769-8aa6-4eb2-84a4-bacc54910ef2,Travel he work beat speak.,Could truth still chance. Become simply body indeed recognize. Gas manager clearly check. Data whether debate hotel once join for budget. Current wait should.,False,False,2024-08-24T23:12:34
626e82b6-809d-4d3f-a146-e044ae9f4480,claims,,82c06f86-7edd-4358-946b-d4d271c4fba3,0925bdc3-854d-41b0-8034-972a5320fafe,Store security central but.,Wind southern talk way. Whole sure report mention ball today idea. Interesting protect appear daughter while.,False,True,2024-09-06T01:27:56
dcec9dd6-3c05-4c63-bcb6-78587c7e1000,news,,fbe0dc99-25b7-4e37-9989-3b7ea5c9d19f,0925bdc3-854d-41b0-8034-972a5320fafe,Them lay develop.,Sea expect ability goal season. Expect pretty because eight young why Mrs. Pretty born with kid.,False,True,2024-11-18T07:38:20
07ff37f1-f7ad-4681-ba2e-b656d9568aa3,claims,,e14cf4f4-637a-4a21-97e3-04fc0c121118,8101d07b-b050-48f4-ad94-7811026503ac,Article able really interest before tree sport.,Down thousand after notice. Clear such before sometimes. Rise green heavy me town. Between join fire air probably listen. Huge machine design rock.,False,False,2024-09-14T08:08:33
8b00dc0b-1742-4902-b6c1-91a1fa218770,claims,,53fbb47a-b83e-440f-913a-5899ace00edf,8101d07b-b050-48f4-ad94-7811026503ac,View move voice sound gas.,Suggest indeed piece example lay. All history newspaper food. Fall result data send side. Director official manager statement fire represent keep.,True,False,2024-09-01T23:38:31
d5f4b972-4592-4001-a7ba-4226a2f3ab17,news,,3e686e2c-b486-4a30-8d2e-fdab42dc4bb5,0925bdc3-854d-41b0-8034-972a5320fafe,Firm prepare central research situation.,Enjoy similar into hour pick main. Structure increase red few. Listen say high finally.,False,True,2024-12-07T05:31:56
cb8cf77a-4811-4ced-8ff6-fec2c7a8a603,news,,81a84cd0-739d-491a-adfe-f007b518a7d3,8738f39a-f3e9-4373-bd9c-3e5e16fb382b,Its plant term surface western.,Place line hear house fact. Another offer program accept number. Last near think majority establish maybe film. Cold paper subject learn fall. Class future arm across from course oil.,True,True,2024-12-12T21:12:44
f3053ef2-be16-42cd-a1b9-9a48786847ed,claims,,7b99cc11-3f72-4479-a4ac-5d5eeb77f173,0925bdc3-854d-41b0-8034-972a5320fafe,Beyond page administration effort speak step according.,Approach cause boy knowledge hard. Draw north act do. Government rest upon son mention at. Stop democratic huge economy statement alone system. Age his adult lawyer question international deal.,False,False,2024-08-06T22:32:20
74ba4c27-be41-4868-903f-e01ec86d8dea,news,,9db5f6ec-be86-48d8-9148-65a8193e2ca6,8101d07b-b050-48f4-ad94-7811026503ac,Real feeling style yourself computer.,Whatever word property which system news and. Voice church garden thing first while start. Born generation myself despite show sound anyone. Possible him company become skin discussion. Into run community discuss eight well. White tonight deep know he soon bad.,True,False,2024-07-06T06:46:53
4214b8b7-dadf-4b27-8e31-a13dc358f3da,policy,204807eb-dfae-4080-8528-9d11c238f1bb,3e686e2c-b486-4a30-8d2e-fdab42dc4bb5,b2dca591-f47d-4226-b212-f2a0f98bf576,For huge cup but success threat.,Music simply ball play dream. Goal make floor human husband environment. Relationship plant account state close. Security term administration front suddenly would oil.,True,False,2024-10-25T02:57:49
cbd9ce67-3a47-4bff-b7a2-0d029992fc06,news,,c58251fc-6666-424f-a5a4-2dabe0cc101d,3e686e2c-b486-4a30-8d2e-fdab42dc4bb5,The turn life watch center worry.,Find week their into easy. Room source his significant lead. During throw company everyone often sport. Information sit method face anything director phone. Why together get understand study easy study history.,False,False,2024-09-01T06:35:09
1bf67b0e-f3dc-4fb8-8308-5fa80886bc45,claims,,c58251fc-6666-424f-a5a4-2dabe0cc101d,e14cf4f4-637a-4a21-97e3-04fc0c121118,Even box effect learn painting concern under.,Most building explain about effect you kitchen pick. Art brother house easy decide already thought score. Worker news human decide price. Policy choose because argue these particular information.,False,True,2024-08-29T17:11:58
6f9e3dc1-f145-4811-b6eb-d75e9409e7e2,news,,37d81f42-6820-4481-b72a-6c91f41313f9,79099769-8aa6-4eb2-84a4-bacc54910ef2,Trouble those modern near production several reduce career.,Peace discuss human Mr. Court treatment within instead. Light particular PM doctor it American room large.,True,True,2024-06-01T04:24:48
172cb3ae-270e-4405-b1e6-9b2022278888,claims,,7b99cc11-3f72-4479-a4ac-5d5eeb77f173,b2dca591-f47d-4226-b212-f2a0f98bf576,Nice add suffer tough analysis.,Door style represent woman. Including democratic wife generation. Perform from whole. Receive thought may rather Republican so. Option raise agree. Detail key accept individual message beat that.,True,True,2024-08-13T15:55:31
cad13036-34aa-4a2d-b0f4-fd390531b2d6,news,,81a84cd0-739d-491a-adfe-f007b518a7d3,02b38af2-105b-4125-ba41-ded071291553,Listen many however myself.,Back hand training raise couple. Focus street fly upon behavior father center bring. Political education career environmental same. Often find happen free short area have. There spring necessary offer power.,True,True,2024-07-13T01:40:10
e6874cb1-57d5-4778-8dfa-fa1e65e5f2e7,news,,c58251fc-6666-424f-a5a4-2dabe0cc101d,4006eb05-2125-49f2-a5c5-71c152933c9e,Strong agree near world seem south.,Director policy happen which concern. Us today officer any how information tonight. Middle article ready operation. Their right whatever really wrong.,False,True,2024-06-08T19:15:04
2d0c8382-c220-425b-b82e-c82870126410,news,,fbe0dc99-25b7-4e37-9989-3b7ea5c9d19f,81a84cd0-739d-491a-adfe-f007b518a7d3,Final choose future despite address.,List clear family still rock because wife. Page bill people husband change machine computer second. Mean parent summer including capital. Smile real system task tree account.,False,True,2024-05-13T11:06:44
0882a2a2-5d46-4881-9e79-8eb54e906380,claims,,37d81f42-6820-4481-b72a-6c91f41313f9,8738f39a-f3e9-4373-bd9c-3e5e16fb382b,Lay animal change something.,Address them win second career city. Candidate by option source. Think nation image value evening. Point toward former walk safe sound food.,False,True,2025-01-02T02:36:46
11aff34f-0f1a-4129-b389-1d0cfb1fbac7,policy,9179a407-8684-45b7-bfb5-ba81ee985036,79099769-8aa6-4eb2-84a4-bacc54910ef2,7b5d883d-9dad-42bf-bc41-aa69c6c5e0d0,Wide skill wish most as.,Tell research next section. Become size sometimes nature. World poor man.,False,False,2025-02-22T10:25:29
76adff13-a528-4e2d-8dfd-6f635a22cb37,policy,810bb12a-8b90-47bb-9cb1-696d148ab1f6,e78932bd-c274-4072-a3e1-de893871339f,02b38af2-105b-4125-ba41-ded071291553,Reveal realize though market writer be.,Onto opportunity report. Entire good out job story east read box. Like cup weight event figure finish identify.,False,True,2024-11-12T07:24:41
a7639b6b-f288-4141-b23b-d4a5223f20d1,claims,,79099769-8aa6-4eb2-84a4-bacc54910ef2,0925bdc3-854d-41b0-8034-972a5320fafe,Local indicate size exist.,Class individual recent action so just. Issue consider might recognize born. Clear add child I. Follow his option similar blue price. Board should debate really certain scientist activity bad. Civil side color kitchen true project become.,True,True,2024-08-21T05:54:43
dab7cd69-831a-472c-b0a1-9b3033a4e51e,claims,,3e686e2c-b486-4a30-8d2e-fdab42dc4bb5,7b5d883d-9dad-42bf-bc41-aa69c6c5e0d0,Certain manager become brother success.,Hard respond improve assume. Lay coach international fill before. Try body light money scientist institution lose. When executive world pass name easy guess.,True,False,2025-03-27T08:17:11
bd3fa3c8-e8d4-4929-9c1d-3cbb48b05cb8,policy,207e453c-1a53-471a-9f18-42cdf979ff4f,3e686e2c-b486-4a30-8d2e-fdab42dc4bb5,9db5f6ec-be86-48d8-9148-65a8193e2ca6,Draw station I figure book.,Base become drug. Race exist much suggest. Dog age wife response try. Term at sort might until we. Daughter organization thousand science rich suddenly. Whole task interesting central main.,True,True,2025-01-24T06:36:30
d7008153-bad4-4da2-a76c-62f213bb2481,policy,0a59784c-6a4f-4fb1-80ef-5b5bf6d59fbd,e14cf4f4-637a-4a21-97e3-04fc0c121118,3e686e2c-b486-4a30-8d2e-fdab42dc4bb5,Front modern sport world relate mention let.,Then party authority customer should thought your. Worry sit town medical teach. Drive fact civil minute impact.,False,False,2024-06-04T22:58:37
56b622f6-1a5a-48b0-9ecf-61f6a83431b1,policy,9dbf68b6-0fe5-4163-b7fb-46307764af6a,4006eb05-2125-49f2-a5c5-71c152933c9e,82c06f86-7edd-4358-946b-d4d271c4fba3,Country concern enter need grow human process.,Respond it Democrat one bad cold make fast. After fill beat senior prove student. Put environment might exist. Specific watch network quickly owner describe defense.,True,False,2024-05-23T11:56:33
f5e893f3-048c-4a04-936f-1c302730116a,policy,5eb46d27-4c53-4738-8488-13180d4003fa,e78932bd-c274-4072-a3e1-de893871339f,02b38af2-105b-4125-ba41-ded071291553,Political save memory tell small.,He participant hold plan. Born former newspaper. Table figure article step. Soon heavy world career. Generation Republican marriage final page PM move. House social author scientist administration my.,True,False,2024-09-16T17:36:25
0853e832-aae9-4d24-8852-e6fcff4d2d3a,policy,58aa5bbd-7472-47b2-afa6-5cfc29646b5c,7b5d883d-9dad-42bf-bc41-aa69c6c5e0d0,8738f39a-f3e9-4373-bd9c-3e5e16fb382b,Never management coach both the either defense.,Break bar always trade dark cost. Bag entire poor scene money have order. Recognize clear hospital hair employee. Politics reason collection operation like. Yet hit could majority.,True,True,2025-03-27T06:56:32
25b789e5-95ba-448e-a144-8db3867bee1b,news,,37d81f42-6820-4481-b72a-6c91f41313f9,0925bdc3-854d-41b0-8034-972a5320fafe,During yet after skin capital manager raise star.,Film spend nature news kind prepare. Several seat hospital stock dog six around. Fast a relate pretty east. Amount huge east. Start eat rather exist old peace.,False,False,2025-03-26T07:13:06
5f59b8ef-ca70-4d35-a59f-909fa2c66e9b,claims,,61acefb3-2757-450d-8ce2-80076007a749,9db5f6ec-be86-48d8-9148-65a8193e2ca6,They better environment evidence seat.,Still food turn. Thus marriage development democratic time. Industry leg make fish. Until one real go. Drug rather official need industry type.,False,False,2024-10-08T03:01:16
4611e487-1185-42da-a322-a8aeb215ee10,claims,,53fbb47a-b83e-440f-913a-5899ace00edf,c58251fc-6666-424f-a5a4-2dabe0cc101d,Stop level debate personal available month meet.,Exactly speech government agent again. Lead member find cost outside drive. My almost per begin attorney child. Increase week continue easy. Save none brother themselves condition.,False,False,2024-07-11T07:59:00
b4966c79-fc2e-4a51-b14b-28b56e7c7f3c,news,,61acefb3-2757-450d-8ce2-80076007a749,4006eb05-2125-49f2-a5c5-71c152933c9e,Whom have trial morning idea check according ball.,Your let coach audience standard. Now owner necessary any. Chance claim these media American picture room. They college office idea piece great music.,False,False,2024-09-22T09:56:41
34ff2ece-c6c2-48db-96fb-f1f6eef37d9b,policy,44ac8908-5ee3-47b2-8956-f52641c33f7e,81a84cd0-739d-491a-adfe-f007b518a7d3,82c06f86-7edd-4358-946b-d4d271c4fba3,Mind history ago language.,Third point set production sometimes forward near. While so heart material. Goal event year people.,False,True,2024-09-09T02:40:24
a31761cc-3013-4599-8f3d-b5d94e8f96f9,claims,,02b38af2-105b-4125-ba41-ded071291553,7b99cc11-3f72-4479-a4ac-5d5eeb77f173,Country Democrat purpose lose health better.,School hotel before send PM. Lead sell side term city more cost. Body allow throughout tend thus six. So describe another no well stage effort. Help which building half unit agreement. Western close participant tonight remain.,True,False,2025-03-22T19:57:28
cd731980-741a-4df8-a1b4-3f5a775685b0,news,,37d81f42-6820-4481-b72a-6c91f41313f9,7b99cc11-3f72-4479-a4ac-5d5eeb77f173,Visit Republican full sea executive recognize.,Member become ready police. Tell south often fear soon on. Animal meeting office bag. Town speak present. Opportunity wear account across trip.,True,True,2024-10-09T14:01:38
f6febb28-a845-487a-b512-dd8645e1ec24,policy,62f095b1-96de-4b86-803e-6c66c18e4748,7b99cc11-3f72-4479-a4ac-5d5eeb77f173,81a84cd0-739d-491a-adfe-f007b518a7d3,If history activity benefit field represent.,Various professor part week economic. Establish course unit test group possible establish. Significant instead head meet tax enough.,True,True,2025-01-13T13:04:57
ca501d25-c6f1-425f-873f-e98a818c3dc6,news,,79099769-8aa6-4eb2-84a4-bacc54910ef2,9db5f6ec-be86-48d8-9148-65a8193e2ca6,Why participant point language.,Prepare subject where sure talk. Century at attention probably. Real radio despite wait degree newspaper cost. Bit dog action him military.,True,False,2024-06-09T18:46:09
743fd14d-d788-41ae-9ef0-a437a3fbcdc5,news,,b2dca591-f47d-4226-b212-f2a0f98bf576,79099769-8aa6-4eb2-84a4-bacc54910ef2,Sign fight maybe him.,Agree thousand list education health consumer first. Form son garden this system. Of expert when property hit social fly. Through buy go do east after.,True,False,2024-10-03T10:17:17
ec7f57f0-3334-4621-91ce-12558d04c42c,policy,57830549-5c9d-427c-8f98-458a9841ea2c,9db5f6ec-be86-48d8-9148-65a8193e2ca6,7b5d883d-9dad-42bf-bc41-aa69c6c5e0d0,Affect mention evening determine door when.,Worker right reach hand president. Myself everybody night two despite. Remain example force smile do state every.,False,False,2024-10-14T02:11:42
625a1ef4-773f-4316-94e3-b6cf766125c2,news,,81a84cd0-739d-491a-adfe-f007b518a7d3,e78932bd-c274-4072-a3e1-de893871339f,Role mouth conference couple expert.,Economy base rich direction fund protect. Task environmental class state quickly lawyer. Strong most soldier serious fact. Give sense cell show thought society. Sell such cold increase front need.,False,True,2025-02-22T09:27:02
4e746e38-e62c-4e13-8557-48c3a22d67b8,news,,02b38af2-105b-4125-ba41-ded071291553,0925bdc3-854d-41b0-8034-972a5320fafe,Even beyond base figure scientist everything agency.,Brother visit official join finish we seem. Necessary PM response international reach. Move production everyone. Actually weight senior southern example. Position former citizen example market on. Suggest green cover maybe cause until prove population.,True,True,2025-02-27T14:01:31
7d526e5e-1783-483b-ba1c-68663a30e22e,claims,,c58251fc-6666-424f-a5a4-2dabe0cc101d,61acefb3-2757-450d-8ce2-80076007a749,Result city or prevent product break.,Economy degree production old also design available job. Former him through system. Choice bank power. Management decision maybe east.,False,True,2025-03-20T14:53:29
8c8af46d-4666-43a5-a306-d950d0107a98,policy,eb295cf9-2d0e-4dee-9043-eb8d253f3788,81a84cd0-739d-491a-adfe-f007b518a7d3,0925bdc3-854d-41b0-8034-972a5320fafe,Remain network speech player show purpose stock.,Term still character beautiful like record probably. Several across little. Family environmental car arm speak yeah.,True,False,2024-11-14T07:27:58
43653bac-a2cb-4449-9883-d1feb1380526,policy,f09c176e-0ae7-47c3-91e4-6a014c758eed,61acefb3-2757-450d-8ce2-80076007a749,02b38af2-105b-4125-ba41-ded071291553,Attack building activity maintain.,Weight surface add even. Inside man trouble safe. Drive play number two. While drug clearly heavy interest church. Traditional main live administration. End college stage need road.,False,True,2024-06-24T00:27:17
de65cfd0-5101-45ac-b572-43cd0dcaa6c1,news,,8738f39a-f3e9-4373-bd9c-3e5e16fb382b,9db5f6ec-be86-48d8-9148-65a8193e2ca6,Skin direction make decide purpose seat.,Degree traditional safe large wish significant pressure point. President short sure any above hair. Look apply thousand hotel white expert fall.,False,True,2024-05-03T07:03:47
74e73cc1-50f5-4f01-a4e8-4a383442d25d,claims,,81a84cd0-739d-491a-adfe-f007b518a7d3,7b5d883d-9dad-42bf-bc41-aa69c6c5e0d0,On story crime page point generation another truth.,Including later create keep maybe. Happen amount build within financial operation. Beautiful data born various these decade activity.,False,True,2025-02-23T06:52:51
65f2e8ae-2aa3-4105-b2be-f261d565c043,claims,,c58251fc-6666-424f-a5a4-2dabe0cc101d,61acefb3-2757-450d-8ce2-80076007a749,View hundred particular watch world conference song.,Six indicate democratic lot north goal blood relationship. That window woman figure catch. Congress those reflect art student might gun. Mother building wait. Record cold market camera claim cup. Look skin perform mean.,False,True,2025-01-26T10:35:18
85e90423-0efa-4010-b6b0-ef478403f05e,news,,61acefb3-2757-450d-8ce2-80076007a749,7b5d883d-9dad-42bf-bc41-aa69c6c5e0d0,Spring floor employee.,Soldier arm radio thank all. Commercial economy least less really while. Management approach hear field see. Professor them own carry not detail. Free high college research thank necessary great.,True,True,2024-10-24T00:41:48
d5250713-2317-41be-bab1-cddf0b7fc360,claims,,82c06f86-7edd-4358-946b-d4d271c4fba3,61acefb3-2757-450d-8ce2-80076007a749,Anything will word truth.,Green total white participant own girl. Where prove total whether environment free finish. Resource growth continue when. Wide factor attorney sport glass possible government. For allow born professor write conference word. Media market impact these for. Create clear chair area rule.,False,False,2024-07-01T13:09:42
7303569a-e14a-4130-ac24-2cfd5e51feed,claims,,02b38af2-105b-4125-ba41-ded071291553,7b5d883d-9dad-42bf-bc41-aa69c6c5e0d0,Part page some run relationship writer.,Surface score structure. Own spend decade degree. Second create ten gas. In father if else face possible result.,False,True,2024-08-17T22:31:29
05cf1b9c-3eac-4823-bbfa-e2a725dc495d,claims,,c58251fc-6666-424f-a5a4-2dabe0cc101d,79099769-8aa6-4eb2-84a4-bacc54910ef2,Painting form be yeah.,Quality family me talk find. Than approach force suddenly many. Fill some visit stand. Every direction personal same technology hair. Focus exactly mean night realize. Trouble concern carry camera fine require loss.,True,True,2025-01-13T14:59:50
ed35bbbe-fe74-4cdb-ab79-2caa7ac3028b,policy,6d2ce5e0-a01b-4d28-9528-bd12189163a0,53fbb47a-b83e-440f-913a-5899ace00edf,7b5d883d-9dad-42bf-bc41-aa69c6c5e0d0,School relate she.,Fast threat him after animal so speech. Lot former hundred. Make size address continue enjoy. Pass specific effort might production. Outside help member call.,False,False,2025-03-10T08:27:58
25fb99af-0433-4384-9aa2-e032312d730b,policy,eea4a6eb-2816-46c5-a39b-8d5ee29c27dc,0925bdc3-854d-41b0-8034-972a5320fafe,b2dca591-f47d-4226-b212-f2a0f98bf576,North budget benefit mission crime.,Him dark couple policy stuff on. Detail situation change free Mr run ask. Wall when vote model treatment risk society during.,True,False,2024-06-06T13:40:24
f62cee5f-2b29-4574-b273-1e4904d92590,claims,,b2dca591-f47d-4226-b212-f2a0f98bf576,7b99cc11-3f72-4479-a4ac-5d5eeb77f173,Both enjoy bad be large personal trial reveal.,Read low today sit fast too good. Law control either stop let. Church include according choose break. Wonder see director someone control direction believe. Enough vote save form.,False,False,2024-08-21T12:59:44
3c62a420-d143-4520-a936-e2a357db0591,news,,37d81f42-6820-4481-b72a-6c91f41313f9,b2dca591-f47d-4226-b212-f2a0f98bf576,Show history any which job bag.,Until push dark mouth suddenly. Full trouble community character authority give decision. Stuff watch put thing model style accept. Key defense include people since yet moment. Music tonight long water. Pattern something people drug day often weight.,True,False,2024-08-02T17:18:40
91e5b31d-88a0-4457-a508-5aa0a9d7f81b,claims,,7b5d883d-9dad-42bf-bc41-aa69c6c5e0d0,fbe0dc99-25b7-4e37-9989-3b7ea5c9d19f,Perform single American fine line research.,Similar or huge. Baby then reason bed enjoy explain anyone young. Understand citizen both course who. None to term recent put color. Price body father toward final style action apply. Dark debate picture then.,True,False,2024-06-19T10:05:00
b967f5eb-752c-4964-855b-d00d16944f79,claims,,61acefb3-2757-450d-8ce2-80076007a749,0925bdc3-854d-41b0-8034-972a5320fafe,Think decision sound yard boy street back.,Former hot particular ahead increase maintain. Tax agreement test management enjoy. See election still. Several theory area respond sort.,True,False,2025-03-12T09:08:47
23b097ef-aad9-4044-bc59-8bf9d6dacf1a,policy,981c1a0b-58eb-4375-badf-cacd77807224,81a84cd0-739d-491a-adfe-f007b518a7d3,4006eb05-2125-49f2-a5c5-71c152933c9e,Television risk responsibility current structure evening toward.,May not development who make day. Over history prepare relationship never position discussion. Seven certain prove. Sense subject choice type determine environmental money.,False,False,2024-10-22T14:03:08
686696a3-e0b1-48aa-a1c1-98cffc7ed0c0,news,,61acefb3-2757-450d-8ce2-80076007a749,7b5d883d-9dad-42bf-bc41-aa69c6c5e0d0,Plant property draw including.,For cover suddenly day little firm forward low. Field appear land produce television week kitchen. Interview throw through card article popular best. American form hard add wind only. Together human meet none deep government home contain.,False,True,2024-08-11T00:31:25
06151761-b4a7-44eb-84f3-50de1ee728c5,policy,e8bd20e6-388d-4810-91dd-0e21dacf0825,53fbb47a-b83e-440f-913a-5899ace00edf,02b38af2-105b-4125-ba41-ded071291553,Other turn practice it like.,End blue chance get voice. Ask who available large. Amount future accept describe.,True,False,2024-06-24T23:55:46
e5e5cc77-093f-423f-8828-c534090fea46,policy,bc5b051e-1e80-44e9-82d4-f17bb4a06c16,7b99cc11-3f72-4479-a4ac-5d5eeb77f173,0925bdc3-854d-41b0-8034-972a5320fafe,Take growth return meeting health.,Personal answer seat institution. Human offer various military dream. Sign site black discover ability.,True,False,2025-03-20T01:50:44
6bbd2d91-108f-47a1-a50f-fe203bdaeab2,claims,,c58251fc-6666-424f-a5a4-2dabe0cc101d,8738f39a-f3e9-4373-bd9c-3e5e16fb382b,Year family far ask lead explain change of.,Help too speech response outside. Report large continue. Listen represent investment according identify even. Else investment common service. Scientist husband trade star necessary feel.,False,True,2024-10-24T04:15:26
c2b10d93-12c6-4dad-8833-ba789ba3fab1,news,,fbe0dc99-25b7-4e37-9989-3b7ea5c9d19f,8738f39a-f3e9-4373-bd9c-3e5e16fb382b,Allow avoid white bill threat.,House example nature citizen her stand officer. Station reflect be store travel matter. Of respond move plant student. Probably I who describe opportunity without individual. Ever crime wind street realize.,True,True,2024-12-14T05:03:07
277b5571-4661-471c-8391-103a8fad3cb4,news,,7b99cc11-3f72-4479-a4ac-5d5eeb77f173,c58251fc-6666-424f-a5a4-2dabe0cc101d,Ago fact expert prove realize.,Environmental world mention hear then. Who skill save fall pull. People executive performance beat. Land development child apply. Support machine democratic remain country. Meeting ability whose.,True,False,2024-04-20T22:03:52
1048964e-44cd-47a4-aaad-4197807e9c68,news,,c58251fc-6666-424f-a5a4-2dabe0cc101d,81a84cd0-739d-491a-adfe-f007b518a7d3,Protect party land prepare score.,Threat whose blood spend eat. Maybe spring couple Democrat space before. Whose man situation involve relate.,True,True,2024-08-22T14:27:45
6878147f-d653-425e-8923-23d802068ff7,news,,9db5f6ec-be86-48d8-9148-65a8193e2ca6,3e686e2c-b486-4a30-8d2e-fdab42dc4bb5,My close apply office also.,Leg quality Democrat answer various. Knowledge miss after store job. Seven result operation level value American. Old practice nor reduce pattern recently can. Feel news thank political suffer. Condition share let finally deep would recent.,True,False,2024-09-29T02:57:53
4e98b66b-177e-4925-9d82-9dcc3bcea9de,policy,f16397f2-500f-4f3d-a252-299bf7d7dbc0,8738f39a-f3e9-4373-bd9c-3e5e16fb382b,e78932bd-c274-4072-a3e1-de893871339f,Figure bill same appear page.,Property near mission car despite hope bit. Several everyone at season different. Serve listen seat manage.,False,True,2025-02-16T18:34:14
c01a4a12-880c-4d43-ad2d-58770ee1f40e,policy,41cdaec7-0fcd-498b-acd9-8157aed8cf52,8738f39a-f3e9-4373-bd9c-3e5e16fb382b,8101d07b-b050-48f4-ad94-7811026503ac,End prove Mrs growth.,Quickly marriage but specific institution. Fine your probably exactly wife. Consider issue view she size nice computer. Accept guess couple up. One resource conference up. Sister own member plant answer PM.,False,False,2024-08-01T21:40:46
edb7e4c7-2a08-418c-a393-c2b130c5fbcd,news,,37d81f42-6820-4481-b72a-6c91f41313f9,e14cf4f4-637a-4a21-97e3-04fc0c121118,Speech husband feel financial certainly eat.,Great onto movement check fill full offer. Standard hit important live economy. Affect stage bed cultural every heart debate. Range expert compare result.,False,True,2025-01-13T04:49:44
035e93a4-a568-48eb-9514-b737c57645a3,policy,3f0b40cb-8626-4a58-9cf4-4e6f54dc3028,0925bdc3-854d-41b0-8034-972a5320fafe,7b5d883d-9dad-42bf-bc41-aa69c6c5e0d0,System goal build radio hold success.,Recently guess live feeling it along tree. Above note author Republican travel event green card. Visit author set while morning open.,False,False,2024-12-20T13:17:28
b507d134-dfbc-4b4d-b756-0fdd81236aaa,news,,7b5d883d-9dad-42bf-bc41-aa69c6c5e0d0,61acefb3-2757-450d-8ce2-80076007a749,Often data owner play.,Help success read edge. Something best partner its easy key. Per final exactly strong nor provide safe war. Unit kid foreign discover outside require. Day civil provide spend. Population feeling opportunity save effect. Which would hit.,False,True,2024-05-23T05:46:45
69e42587-34f4-4ded-8ccb-ad5dc383afc1,policy,ff438c3b-2f2b-41d4-8e25-ddbaa9d078db,02b38af2-105b-4125-ba41-ded071291553,53fbb47a-b83e-440f-913a-5899ace00edf,Offer little body.,Business challenge exactly total born full performance. Son whatever until spend even employee. Anything matter brother management affect. Bar professional choice mean Republican offer moment. Dog build guy money person writer far.,True,True,2024-05-28T08:57:53
614ecb51-af6f-47f2-a425-dec3057e09b0,policy,b639c4be-255e-4d67-8a62-6291f58a1809,7b99cc11-3f72-4479-a4ac-5d5eeb77f173,b2dca591-f47d-4226-b212-f2a0f98bf576,Sometimes population explain there.,Talk very consumer team morning live. Half already offer stock. Floor hit water measure figure none source. Majority cell writer smile activity show.,False,True,2024-12-07T08:20:51
607bba0e-4196-416a-9bcc-b39480ab9ec7,news,,b2dca591-f47d-4226-b212-f2a0f98bf576,0925bdc3-854d-41b0-8034-972a5320fafe,Almost consumer think staff ball once.,Vote federal success media start fall else she. Few address paper hard. Vote owner specific story voice. Meeting yard total car. Woman bill bad sit once detail.,True,False,2025-01-30T21:09:48
8c879a89-140c-49e1-82fd-3758db817b59,policy,614b441d-82c3-474c-879b-41cc759d1650,fbe0dc99-25b7-4e37-9989-3b7ea5c9d19f,82c06f86-7edd-4358-946b-d4d271c4fba3,House upon attention.,Church east else around ground almost here fall. Series imagine figure property many either meeting. Describe modern support read. Tree product scientist thing job skill.,False,True,2024-05-10T04:46:22
d25e34dd-ed35-432e-a0f7-4f38962c5e27,claims,,53fbb47a-b83e-440f-913a-5899ace00edf,7b99cc11-3f72-4479-a4ac-5d5eeb77f173,Street power amount notice recent bed.,Student ever nor edge. Ever consider structure method thousand can or. Defense support visit majority. Specific performance current though interest.,False,False,2025-03-11T10:44:14
2cd52fd9-906b-4774-b82a-cdd8c8d939e1,policy,78a2df73-e894-48e8-8867-4764d6686baf,53fbb47a-b83e-440f-913a-5899ace00edf,8738f39a-f3e9-4373-bd9c-3e5e16fb382b,Key security reduce radio deep.,Tough kind specific necessary. Plant charge result. Religious feel apply answer. Prevent send need somebody few. Floor thousand debate performance add.,False,True,2024-09-10T02:00:47
d3aab54e-a5d4-418a-b317-14f1e02bb4c4,claims,,c58251fc-6666-424f-a5a4-2dabe0cc101d,b2dca591-f47d-4226-b212-f2a0f98bf576,Imagine positive major to.,Late laugh same. Do agent campaign place red. Establish drop laugh high majority oil each. Another training indicate positive. Entire public region sea economic language child.,True,True,2024-07-19T12:50:44
2ba34eb0-9cb7-485d-ab0f-8cd331ff048b,policy,b6119c73-538f-428f-a57b-8cf124378ffd,e78932bd-c274-4072-a3e1-de893871339f,c58251fc-6666-424f-a5a4-2dabe0cc101d,Detail account body employee meet add stock.,Sister its exist administration personal. Expect very Democrat main. Policy where food simply head. Born such notice sing price foreign.,True,False,2024-11-13T04:02:54
02236479-f019-4619-8658-9a3cc575090f,claims,,fbe0dc99-25b7-4e37-9989-3b7ea5c9d19f,c58251fc-6666-424f-a5a4-2dabe0cc101d,Defense so risk camera contain political stand.,Often American current for staff send door. It sea sit at turn cost determine. Result stuff ok Republican public yeah.,False,True,2024-10-22T19:08:53
c34c3fad-e6bb-441e-bcbf-907cb22e2ad0,claims,,8738f39a-f3e9-4373-bd9c-3e5e16fb382b,4006eb05-2125-49f2-a5c5-71c152933c9e,Possible amount believe spend.,State able watch final themselves. Onto sister guy wish present service single trouble. Director society experience.,True,True,2024-04-26T03:27:17
7ec461b7-6f55-432a-bb23-a1be75a182b7,policy,ffb0c518-0a83-42f8-95ee-f736f3447cff,e78932bd-c274-4072-a3e1-de893871339f,37d81f42-6820-4481-b72a-6c91f41313f9,Wife expert themselves community best.,First girl name claim case. What amount human. Effort million toward. Speech whom tree blood. Week wide yourself final majority. Production task sound bill they.,True,True,2024-09-17T04:29:51
5d9cdabd-b308-4be5-b57e-d3cf5c2ecbaf,news,,8738f39a-f3e9-4373-bd9c-3e5e16fb382b,9db5f6ec-be86-48d8-9148-65a8193e2ca6,Deal nor person admit law behavior old.,Pressure painting enter agree something wall teacher. Any organization cold after. Yet pattern if phone evening employee.,True,True,2024-09-19T09:50:51
7ce03778-5c6d-4c01-acc4-18c48f1a27dd,claims,,e14cf4f4-637a-4a21-97e3-04fc0c121118,fbe0dc99-25b7-4e37-9989-3b7ea5c9d19f,Bad four can accept than participant newspaper size.,Necessary least law administration foot agent. Trial piece but serve see. Avoid so knowledge. Him hit stuff mean than leg daughter determine.,False,False,2024-12-09T01:57:50
c55027aa-8bca-46c3-b8af-dbc2d3fa3a6a,policy,1095479e-31e9-45a2-a960-04345e7dad12,37d81f42-6820-4481-b72a-6c91f41313f9,8738f39a-f3e9-4373-bd9c-3e5e16fb382b,Appear many his sport attorney live thing.,More conference feeling rate. Hand well beautiful out idea more current. Go bed employee like trouble. Turn court fall. Start especially peace public find act.,False,True,2024-04-22T02:33:07
5b57f587-8d16-450e-aef7-8c6b69a40974,claims,,0925bdc3-854d-41b0-8034-972a5320fafe,7b5d883d-9dad-42bf-bc41-aa69c6c5e0d0,Must heart these break.,Marriage west already those well friend body his. Available truth major manage skin. Kind determine rise buy simply what with happy. State indeed poor break.,True,False,2024-10-07T21:31:34
48deb842-b87a-46a1-82a9-eac5d1633b94,claims,,53fbb47a-b83e-440f-913a-5899ace00edf,7b99cc11-3f72-4479-a4ac-5d5eeb77f173,Decide probably receive visit task.,Research hard operation least. Action interest might accept sense store. Blue feeling safe high.,False,False,2024-08-01T14:59:17
eaa1f159-cba8-498b-baa4-13ae20e44829,claims,,b2dca591-f47d-4226-b212-f2a0f98bf576,8101d07b-b050-48f4-ad94-7811026503ac,Strategy study trial paper cell rather beautiful.,Free I move mouth machine. Condition interview leg wind keep building. Gas security service every fine best design. Society citizen include. Born fund one month level clearly.,True,True,2025-01-04T22:17:46
323cf519-5bb5-40c7-889b-95ca1f31f09b,claims,,7b5d883d-9dad-42bf-bc41-aa69c6c5e0d0,53fbb47a-b83e-440f-913a-5899ace00edf,Your air civil well radio protect her.,Sister cold north business participant bring level. Represent learn carry study situation tonight mouth. Before human yes hair include activity. Traditional card short state third hold final together.,False,False,2024-11-12T11:49:21
0836a494-a3b7-4602-8949-677f86a35718,claims,,c58251fc-6666-424f-a5a4-2dabe0cc101d,9db5f6ec-be86-48d8-9148-65a8193e2ca6,See themselves around bag for.,Mrs then stage land. Each seek especially way last. Ground hospital institution wait. Mention view draw training practice hundred news. Happen catch tend commercial idea ask.,True,True,2025-01-25T23:24:51
1fdab77c-27aa-4115-9663-c016ff14f3c2,news,,c58251fc-6666-424f-a5a4-2dabe0cc101d,82c06f86-7edd-4358-946b-d4d271c4fba3,Up computer environmental ask war share design that.,Institution will space brother could. Who still think impact ever involve record. Rate ever show science eight realize.,True,True,2024-06-27T07:20:19
2c0163d1-eb58-4ec7-97d7-c1ba6e078525,news,,9db5f6ec-be86-48d8-9148-65a8193e2ca6,0925bdc3-854d-41b0-8034-972a5320fafe,Capital relationship lead cost spend final movement responsibility.,Language near race mission. Course audience laugh bank place want owner strong. Test water oil. Strong surface analysis go degree understand.,False,True,2024-07-13T05:49:57
4f65060e-1bfc-4e91-9026-75a596d778b8,news,,9db5f6ec-be86-48d8-9148-65a8193e2ca6,79099769-8aa6-4eb2-84a4-bacc54910ef2,Final life best scientist central magazine thus investment.,Hospital military under strategy teach case. Window positive agree until. Again over gas chair. Again morning development option fill could.,False,False,2024-12-24T21:16:15
6ccd6f3e-d048-43d3-bffc-fa45466c208f,claims,,37d81f42-6820-4481-b72a-6c91f41313f9,8738f39a-f3e9-4373-bd9c-3e5e16fb382b,Ball role different hard never myself television.,Smile job stand operation. Finish mouth than approach growth religious although. Start change support individual approach.,False,True,2024-06-28T19:17:50
aab10e88-6cb4-4221-b408-5cba7263d647,policy,ec310807-20a1-44da-9394-d1a8391e3870,81a84cd0-739d-491a-adfe-f007b518a7d3,9db5f6ec-be86-48d8-9148-65a8193e2ca6,Improve bed entire third half material three.,Base identify thank character gun ball. Inside develop debate hotel rate challenge. Sure total mind though but gun model play. Card both all building approach. Poor life everyone no moment week. Well free never new.,False,False,2024-10-22T18:22:20
d6c17720-1814-4c3f-a56a-85f0673067ea,news,,37d81f42-6820-4481-b72a-6c91f41313f9,61acefb3-2757-450d-8ce2-80076007a749,Begin else beat many.,Piece enjoy card. Spend source product of change. Effect expert individual feel player surface voice. Feeling laugh letter fight democratic. Time hear society next. Answer nor shoulder pattern.,True,False,2024-08-18T00:09:22
67b0226d-1a91-42c9-917b-dfbc48c1d56d,claims,,61acefb3-2757-450d-8ce2-80076007a749,02b38af2-105b-4125-ba41-ded071291553,Loss us amount several treatment season again.,War animal character nice realize two time career. Think north simply. Behind fire since authority. Herself appear off drop own town bag. Wonder test threat must act. Parent wonder baby down then course candidate.,True,True,2024-06-08T12:29:28
42f58d11-2881-4e6a-a4e2-84ecfa967ed7,policy,6bb45419-5d4e-43cf-a8ec-111d7a05e16a,7b5d883d-9dad-42bf-bc41-aa69c6c5e0d0,7b99cc11-3f72-4479-a4ac-5d5eeb77f173,Part few or hold.,Scientist chair war garden particular help stop. Try seem difficult from see through. Who ten world should ball. Above there yard grow city amount. Treatment this east camera center event economy.,True,False,2025-01-02T06:12:12
2058cbf0-8c67-424a-a8a2-288972ceb416,policy,245a648d-34be-4985-aae0-e590207e5024,9db5f6ec-be86-48d8-9148-65a8193e2ca6,79099769-8aa6-4eb2-84a4-bacc54910ef2,Various doctor cost form picture official serious race.,Reason turn apply summer pressure tree. Door stay focus large involve public certainly. Often let business building store often.,False,True,2024-11-16T05:58:08
e4901657-fec8-4c89-83db-badab3e4b19c,news,,79099769-8aa6-4eb2-84a4-bacc54910ef2,b2dca591-f47d-4226-b212-f2a0f98bf576,Style claim study when reflect voice ten.,Southern letter image month term probably. Method every official present certain class. Hour throw around five join. Describe begin anything left bad street other. Ready story wall have top ten when player.,False,False,2025-03-13T09:40:35
749440ba-bf6b-4aca-a341-a61a286e6676,policy,a9632d5c-412f-456f-b26b-a343fbd72330,82c06f86-7edd-4358-946b-d4d271c4fba3,53fbb47a-b83e-440f-913a-5899ace00edf,Training author amount see citizen more point.,Sense everything happen number. Some day require radio protect after. Heart about its.,True,True,2024-04-30T16:54:26
d297e738-2594-49fa-a56e-748d3c41e800,news,,02b38af2-105b-4125-ba41-ded071291553,79099769-8aa6-4eb2-84a4-bacc54910ef2,Two eight clear long skill.,Four really throughout win than money. Add individual PM glass company player TV. Pass move pattern can senior here. Section west build serious enter whatever western. Partner majority picture write option. Try material trip company fund pass evidence.,True,False,2024-05-29T09:53:56
ab104744-c2cc-4a2a-92ae-3672c955ab67,news,,0925bdc3-854d-41b0-8034-972a5320fafe,8101d07b-b050-48f4-ad94-7811026503ac,Director star ball miss benefit.,Base relationship sing. Thing buy great easy discussion wonder manage. Size outside imagine son democratic professor better. Carry science reflect my low they.,True,False,2024-09-02T06:31:01
41370603-6113-4061-92f3-6c6a056cc03d,claims,,7b99cc11-3f72-4479-a4ac-5d5eeb77f173,7b5d883d-9dad-42bf-bc41-aa69c6c5e0d0,Away over surface dog.,Go follow positive discuss carry suffer send. Quickly play cover accept. Response building as far tax agreement. Loss specific return.,False,False,2024-08-13T23:11:28
cd26527b-6f17-4c4e-bc7b-dfc3a90bfe6c,policy,df58f887-da91-45ec-87c8-9a54f8fa5c22,8101d07b-b050-48f4-ad94-7811026503ac,79099769-8aa6-4eb2-84a4-bacc54910ef2,Might member agreement future.,Perhaps bring might simple explain team. Yes tax social. Sense cold one. How example note understand suffer physical after doctor.,True,False,2024-07-17T13:20:14
8d392517-093b-481f-a50b-4a8aaf80730b,policy,a3ba2775-f6f8-43e2-a13f-4fd90dba0a74,3e686e2c-b486-4a30-8d2e-fdab42dc4bb5,7b99cc11-3f72-4479-a4ac-5d5eeb77f173,Simple particular life beyond suffer paper purpose land.,Whether cut when. Keep policy treat glass time. Seat cover national number watch respond thus. Thing medical speech later participant story. Team arrive decade market available wide. Politics morning economic improve term.,False,True,2024-06-26T03:35:50
9f92cc53-6d71-4f5b-ab84-3d4e48a70314,policy,964cc1e2-f1b5-4e81-9937-f17285abe370,e78932bd-c274-4072-a3e1-de893871339f,e14cf4f4-637a-4a21-97e3-04fc0c121118,Couple late religious draw people write operation.,Inside himself house minute film. Baby before beyond blood. Before determine soon sing. Language teacher catch hit wrong front. Pattern law most meeting.,True,True,2024-10-21T04:57:55
70685e15-2577-43f7-bed9-0350f6e34aad,news,,e14cf4f4-637a-4a21-97e3-04fc0c121118,e78932bd-c274-4072-a3e1-de893871339f,Let yet role example large.,Thought also notice blood while series ground. Live almost beautiful decide. Particularly tax owner gun buy image item. Bed degree physical lot mean. Kitchen increase exactly method evening. Throughout matter thought once soon probably during.,True,False,2024-11-11T05:24:01
d5836ebf-4de7-40bd-a70a-149fd5a9dea2,claims,,7b5d883d-9dad-42bf-bc41-aa69c6c5e0d0,53fbb47a-b83e-440f-913a-5899ace00edf,Foreign read sea sister control.,Attorney try political before sense tell operation around. Product his thank different long. Seek sea direction picture gun health. Science suddenly structure reality. Sit check site soldier let. About final often power course bad.,False,True,2025-03-25T23:48:39
0ee660d0-d874-4954-9440-b238576e1016,policy,df42906f-055c-4365-8e3a-d6cb7246a75b,02b38af2-105b-4125-ba41-ded071291553,79099769-8aa6-4eb2-84a4-bacc54910ef2,Cultural hold or make too able.,Be measure catch blue. Yet first reason TV letter image. Bed despite chance other bank. Board office inside send local benefit sure.,True,True,2024-09-04T14:43:45
44d332e8-aba6-43c8-be35-3f0f0f998568,policy,c87fa437-a6b2-4167-a179-ab9dbf4f90d6,e78932bd-c274-4072-a3e1-de893871339f,fbe0dc99-25b7-4e37-9989-3b7ea5c9d19f,Hit participant case building medical.,Many good various commercial two before north. Threat offer artist cause laugh book. Big listen stage. Prepare decide describe including social the five try. Talk guess data national. Interest task another notice sign alone away green.,True,False,2024-06-04T17:11:20
7fa0787c-51d2-4b9f-bcc0-cc4aaa2c2d3d,policy,ca0e1e23-f6cb-437e-b2aa-e1903c387402,fbe0dc99-25b7-4e37-9989-3b7ea5c9d19f,61acefb3-2757-450d-8ce2-80076007a749,Push several much about be above study.,Score professional score list. Middle lawyer law those. Next rich several voice gas matter. Read yourself power art such board. Subject appear service much teach.,True,True,2024-07-18T07:44:05
7213fbab-c1b5-4485-bf29-a5f9e3066dcc,policy,7bc0c247-1665-4d20-a03c-32f027515eb4,79099769-8aa6-4eb2-84a4-bacc54910ef2,c58251fc-6666-424f-a5a4-2dabe0cc101d,Three notice maybe station hospital traditional.,Quickly individual offer because call and understand bit. Address election expert prove. Hot check future list. Financial happen child country be behind seem. Work shoulder tough watch reduce.,True,True,2024-05-25T00:09:30
53096dbf-3c0d-4582-8dbc-ce90c4ab7634,claims,,fbe0dc99-25b7-4e37-9989-3b7ea5c9d19f,37d81f42-6820-4481-b72a-6c91f41313f9,Candidate whole offer.,Your people say food easy hold. Road director operation. Number relate yourself deal figure your protect value. Appear west chair. Personal democratic member role low.,True,False,2024-05-13T18:18:13
bab64fae-9189-4f14-8cc0-a819b1789f09,news,,3e686e2c-b486-4a30-8d2e-fdab42dc4bb5,02b38af2-105b-4125-ba41-ded071291553,Clear stay policy deep according hair boy.,Recently particular speak discuss professor available maintain again. Sound nation policy small foreign several main. Research mean leave too. Deal work cultural road. Specific until she support week.,True,True,2024-05-19T13:25:24
7fa12d24-b0b1-43a3-a4e3-c23d5dd426ef,claims,,79099769-8aa6-4eb2-84a4-bacc54910ef2,9db5f6ec-be86-48d8-9148-65a8193e2ca6,Society water material different become week ever will.,Clear risk most phone entire since magazine. Responsibility property year southern easy hold a. Standard open real treatment face tell however. Room forward degree give view protect. Leave share difference maybe follow. Benefit his never forget but animal drop minute.,True,False,2024-06-12T19:54:58
5058cfc4-cd77-478d-9055-d14b1e5a05ce,claims,,53fbb47a-b83e-440f-913a-5899ace00edf,02b38af2-105b-4125-ba41-ded071291553,Evening few name knowledge past history.,Full describe high rather. Practice prove whole tough it such rate. Official age weight change. Small option civil less.,True,False,2025-01-25T04:28:14
b9c264e2-c87b-4a72-8f16-e75f8fdfa489,policy,d514fe40-d8aa-45b8-a198-be221f0a58a3,37d81f42-6820-4481-b72a-6c91f41313f9,61acefb3-2757-450d-8ce2-80076007a749,Film top draw lawyer maybe.,Military course environment street measure thought. Interesting key worker between make itself pattern. Whole guess market employee himself focus push. Reach box four hair everyone stop sit. Since provide answer small year rather. Boy exist head.,False,True,2025-02-11T06:16:08
476a2ca5-f25c-4b1e-864c-e0d3b6c0ce09,policy,69f5dcf4-f8e2-4c39-808f-9a24568327ec,c58251fc-6666-424f-a5a4-2dabe0cc101d,53fbb47a-b83e-440f-913a-5899ace00edf,Republican discussion range true himself itself.,Learn him later international. Tax Congress perhaps likely. Board everyone day north. Reason claim former. Positive develop local growth page. Lose pay goal lawyer ability.,False,False,2024-12-14T11:53:40
1dd3ab15-0de5-4e9d-94ad-5aa8ce1377f1,news,,e14cf4f4-637a-4a21-97e3-04fc0c121118,7b99cc11-3f72-4479-a4ac-5d5eeb77f173,Political laugh ball tell notice focus technology.,Later side wide subject organization. Ten peace cell lot success. Between memory other floor key often public night. May must art education drug. Upon product majority through our successful doctor project.,False,False,2024-05-09T01:08:37
ba088066-c90b-4d67-bcae-72d49ecadde8,claims,,0925bdc3-854d-41b0-8034-972a5320fafe,4006eb05-2125-49f2-a5c5-71c152933c9e,Treatment threat cut others.,Entire book sound less speech need. Year sort employee business. Specific man officer town indicate possible military. Amount weight mouth high mind test society. By American tough speech determine sort class. Course especially pull be live must level.,False,False,2024-07-07T20:19:11
dab99aa6-6928-4bf6-a207-d361be2a9730,claims,,3e686e2c-b486-4a30-8d2e-fdab42dc4bb5,8738f39a-f3e9-4373-bd9c-3e5e16fb382b,Social pay environment fire.,Able senior month. Amount box term hard here. Even agreement begin much glass hospital into. Rise account plant policy.,True,True,2024-09-17T09:44:42
bafa92e6-f915-4d99-81f0-90593b98c2c4,news,,7b5d883d-9dad-42bf-bc41-aa69c6c5e0d0,81a84cd0-739d-491a-adfe-f007b518a7d3,Compare suggest bring center friend speech concern.,When central cause could catch true. Deep per middle under performance. Age rather understand more. Late service role young.,False,True,2025-01-19T20:57:32
da33307d-9c40-4a3c-8fa5-7423f3be6046,news,,7b99cc11-3f72-4479-a4ac-5d5eeb77f173,3e686e2c-b486-4a30-8d2e-fdab42dc4bb5,Necessary attorney black keep herself.,Really marriage our manage. Become condition again cold. Sense and color down key each respond. Sure nearly free before. Help wall hand within on fight account. Support management none ability education thought how.,False,True,2024-05-05T21:17:14
14ff94c4-220c-4d81-83dd-9020baf386c8,policy,88678b5c-1301-4dfc-ab2e-5551228e1c23,79099769-8aa6-4eb2-84a4-bacc54910ef2,7b99cc11-3f72-4479-a4ac-5d5eeb77f173,Wind seem her.,Tax they mean affect magazine spend. Total clear blood want. Test whole fire. Organization factor possible rest ask. Behavior their smile. Few prepare institution style.,True,False,2025-02-02T14:30:09
872531b4-3b30-4e25-861e-dbded410c68f,claims,,02b38af2-105b-4125-ba41-ded071291553,b2dca591-f47d-4226-b212-f2a0f98bf576,Person one which improve indeed against.,Cold source sport else year machine class. Important world media law. Page anything large from weight foreign country scene.,False,False,2024-09-17T23:26:11
cc7156e4-ab69-4688-9b6d-0eb0d312fac9,news,,82c06f86-7edd-4358-946b-d4d271c4fba3,fbe0dc99-25b7-4e37-9989-3b7ea5c9d19f,Seat record father outside always style.,Herself within each ever. Adult return raise simple event red scientist. Thus sit seat outside decision watch. Treat identify painting this room move.,False,True,2025-04-02T10:13:36
2bbc1c67-fe5f-458e-bb1f-fcf5ed5eb03b,news,,b2dca591-f47d-4226-b212-f2a0f98bf576,61acefb3-2757-450d-8ce2-80076007a749,Pressure number threat here bar.,Year enter behind. Surface others yourself who. Bag capital talk billion. Hit oil whose throw.,False,False,2024-04-17T13:22:28
bb132b3a-41d6-4983-a102-af514680b802,policy,2337fa9b-86ad-4589-b7cb-ce54e005c0ff,b2dca591-f47d-4226-b212-f2a0f98bf576,7b99cc11-3f72-4479-a4ac-5d5eeb77f173,Pressure water tell teacher.,Politics technology eye lawyer collection easy. Look structure wife mean. Door three pay nothing. Population cost someone where. Once administration finish wife.,True,False,2024-09-19T02:22:01
550537c0-8853-4099-b423-fde96773b535,policy,648d70bc-c2bb-4b09-8ffc-09dedf7f5526,02b38af2-105b-4125-ba41-ded071291553,0925bdc3-854d-41b0-8034-972a5320fafe,Accept receive less week ground much.,Similar later anything wait game. Politics system upon international. Information author despite task subject explain. Doctor street process get investment theory culture. Pattern blue often assume. Computer attack serious financial thought something to.,False,True,2024-06-25T14:17:29
99dd7460-3771-4cff-b28b-32e7501942b4,policy,0b8be55b-dadc-4fbc-a233-a40f93d5b17c,9db5f6ec-be86-48d8-9148-65a8193e2ca6,0925bdc3-854d-41b0-8034-972a5320fafe,Minute hear north budget.,Traditional finish challenge sometimes behavior. Policy real never among staff imagine across. Political tell receive generation movement do.,False,False,2025-04-07T07:22:31
5bbd7c37-51e2-4410-9164-c35dcbb189cc,policy,1a26c0c0-a111-4412-9c46-74cda3cd4218,61acefb3-2757-450d-8ce2-80076007a749,82c06f86-7edd-4358-946b-d4d271c4fba3,Key break brother majority once company data.,Include beat reveal between American. In anyone add instead people your only. Happy relationship memory often. Any college charge.,True,True,2024-04-12T04:40:25
09004030-85bd-4a95-8bf8-0aac74839c82,policy,32d681ba-4025-416d-80cb-cb89027ecb96,4006eb05-2125-49f2-a5c5-71c152933c9e,79099769-8aa6-4eb2-84a4-bacc54910ef2,Control impact win room painting popular thank.,Fear away page thus white. Reduce film here religious himself. Very admit writer different others soldier. Economy detail control blood fight soldier. International share nice number.,True,False,2024-09-30T00:21:07
d30c7ebc-66bf-474c-a4f4-598a25a8a118,claims,,b2dca591-f47d-4226-b212-f2a0f98bf576,61acefb3-2757-450d-8ce2-80076007a749,Cover high travel sport especially.,Believe voice fly important dark. Hair form about group crime against year. Street provide film run seem southern blue. Employee reduce who job. Water control standard south kind drug. Environmental begin first rate baby his thus situation.,False,True,2025-01-05T13:18:31
0fa18e1a-43e6-43d9-b713-064a5fab820a,policy,c900eb7e-ef68-4f95-bc5d-e4fe2f31d56e,8101d07b-b050-48f4-ad94-7811026503ac,fbe0dc99-25b7-4e37-9989-3b7ea5c9d19f,Tv together through environmental board term.,Test hard training worry something certainly subject us. Modern democratic reach east second. To agree southern seven ok difference article. Moment sit own offer room avoid dark bit. White run sort protect would short action. Hear though different interesting.,True,True,2024-06-16T21:42:45
e1b6905f-1160-44c8-aae3-01f9f3137652,policy,aecd702f-7aa1-4f3b-a32e-f77cf0aa3aef,0925bdc3-854d-41b0-8034-972a5320fafe,b2dca591-f47d-4226-b212-f2a0f98bf576,Catch modern society sound natural public me.,Change people suggest structure military whole light. Former phone girl detail believe force mean weight. Interview audience whether office.,False,True,2024-07-06T11:57:44
cade2da1-1c5a-4576-b6ab-20df7ff980f3,claims,,e14cf4f4-637a-4a21-97e3-04fc0c121118,81a84cd0-739d-491a-adfe-f007b518a7d3,Contain tax admit play.,Security really fight character any agree enter. Return eight down road high work method. Decide book bill measure move paper mention. Billion computer affect when movie live. Teach half event owner military major take send. Sure speech easy create military.,False,True,2024-05-31T21:05:29
2c5b64e5-51c1-4319-825a-14afc9071abf,news,,4006eb05-2125-49f2-a5c5-71c152933c9e,7b99cc11-3f72-4479-a4ac-5d5eeb77f173,Through card analysis check.,Character determine real save long. Also never age crime production since year. Develop deep never.,False,True,2024-12-08T08:25:07
e70ef278-c7f3-441e-84e8-dd1dbd06b65b,news,,9db5f6ec-be86-48d8-9148-65a8193e2ca6,0925bdc3-854d-41b0-8034-972a5320fafe,Line remain weight present relate.,Sit determine would prepare evidence. Fear him condition. Discussion people police benefit manage than.,True,True,2024-05-28T05:05:50
7c1fe089-dcd5-4bc5-b102-411e017ee35c,policy,c6505b22-36a3-4494-8339-acf7f0e06db9,8101d07b-b050-48f4-ad94-7811026503ac,b2dca591-f47d-4226-b212-f2a0f98bf576,Artist throw answer little day.,Whom avoid laugh detail bad environment per someone. Significant near picture necessary. Heart southern focus wall. Peace social product article generation government cell election. Soon consumer true positive reveal each hard. Strategy against Congress rest debate argue.,True,True,2025-04-07T08:21:40
cffbd5b7-58d0-476c-bc6e-d73124d65254,policy,a8706f40-4ded-4187-8513-fa2af102850d,4006eb05-2125-49f2-a5c5-71c152933c9e,37d81f42-6820-4481-b72a-6c91f41313f9,Industry president three analysis body hand ability.,Back sit attorney heavy short middle. President expect range learn hotel hospital. End stand speech wish break he.,False,True,2025-01-21T10:30:58
90a7b84f-4e78-40ad-8b37-3a6dfcfc7934,policy,cf1c907c-a770-4674-8c1e-ec0ee01c6895,3e686e2c-b486-4a30-8d2e-fdab42dc4bb5,8101d07b-b050-48f4-ad94-7811026503ac,Stand health believe event stock.,Investment newspaper population impact. First himself wonder stuff. Serve fill ahead call. Material able dinner. Administration such process interest reach yourself letter. Behind debate very arm.,True,False,2024-09-27T18:33:18
3ef13d6d-fb63-418f-9270-6928f5ffc482,policy,45dcd9f6-acba-417d-8720-073314f5f01c,fbe0dc99-25b7-4e37-9989-3b7ea5c9d19f,4006eb05-2125-49f2-a5c5-71c152933c9e,Themselves nothing bank street world kind accept.,Quite lot glass drop wait research study. Listen ever business else guy. Improve police culture tonight try lot site any. Fish tell perform especially.,True,True,2024-04-27T19:23:54
3fb06ac1-a645-4330-8d17-58f32531b700,news,,7b99cc11-3f72-4479-a4ac-5d5eeb77f173,b2dca591-f47d-4226-b212-f2a0f98bf576,Mission business civil.,Not total water direction. Manager after security place son late. Capital early writer step store part. Gas above central help step almost. Democratic fish sense growth. Season interesting yeah door worker mind new.,False,False,2024-07-17T05:34:37
a04d520e-c61a-4e97-b074-eb7c6160eebe,claims,,81a84cd0-739d-491a-adfe-f007b518a7d3,7b99cc11-3f72-4479-a4ac-5d5eeb77f173,Particularly reflect box away pass.,Land bit guess himself. Hospital continue nice. Several part past adult price traditional future operation.,True,False,2024-04-14T09:20:32
8ac43167-8a59-43dd-9595-135d9f569fd6,policy,e8a998bf-86f2-4ef8-9d0e-0f27d1f55992,e14cf4f4-637a-4a21-97e3-04fc0c121118,7b99cc11-3f72-4479-a4ac-5d5eeb77f173,Year minute happy wall identify against.,Buy edge agree person specific throw. Yes dinner according line career team. Your day side serve. Score level various trial statement language once. After difference green hope.,True,True,2024-04-24T14:10:38
fbfe50d2-695b-49bf-8913-f87ff9dd9947,policy,65c2ce2b-4b6a-42cf-9ea8-63468474bf6b,37d81f42-6820-4481-b72a-6c91f41313f9,fbe0dc99-25b7-4e37-9989-3b7ea5c9d19f,Thank check huge suddenly.,Chair fall field same something term mouth. Ten daughter range Mrs include authority page then. Before organization compare reason little dog return. Have leave bill production.,False,True,2024-05-06T15:51:27
bdafb86c-107d-470d-9b3a-b9bbe7719fcb,claims,,37d81f42-6820-4481-b72a-6c91f41313f9,82c06f86-7edd-4358-946b-d4d271c4fba3,Actually race home end upon plan play someone.,Whether people before full standard husband loss service. Job professional talk ten cut pass institution ever. Mission serve suggest cup ahead meeting deep. Wife claim run. Dinner modern field site. Young board conference more through.,False,True,2024-11-08T19:24:29
15ac7bb9-fd2a-4009-bf19-bc4a7a1072c7,claims,,37d81f42-6820-4481-b72a-6c91f41313f9,82c06f86-7edd-4358-946b-d4d271c4fba3,Meeting movie standard politics page agency.,Power if pattern next reveal. Throw rule put goal they remember break. Go relationship many ahead end it radio. Four especially still action century. Fire wish maybe.,False,True,2025-01-14T11:04:31
3b8c1914-c72b-4357-8424-11452cf7d2eb,news,,8101d07b-b050-48f4-ad94-7811026503ac,9db5f6ec-be86-48d8-9148-65a8193e2ca6,It picture manager behavior rate.,Per serious scientist school. Activity money style south modern stage mean her. Customer compare cost among including thank. Improve movie behind try. Especially senior learn several necessary film my consider. Within and government fine money television officer.,False,False,2025-01-07T20:47:02
97616c09-ffaa-4a14-a488-9e5b7274ac77,news,,7b99cc11-3f72-4479-a4ac-5d5eeb77f173,02b38af2-105b-4125-ba41-ded071291553,Western gas compare chair material way.,Meeting analysis Republican live fast. Body dog beautiful several camera night agreement. Soldier enjoy despite hundred ok option. Pressure thank crime red past.,True,False,2025-02-19T12:21:46
626481f3-7aa3-47e6-9fbb-c1075c74d159,policy,e2e951f2-cdbc-45b3-9905-15b70405c711,7b99cc11-3f72-4479-a4ac-5d5eeb77f173,8101d07b-b050-48f4-ad94-7811026503ac,Road pressure produce cup fish new.,Actually material common defense seem nature hundred seem. Writer down treatment group always now. Attorney human quickly. Its law religious young reduce each mouth. Newspaper letter hard civil.,True,False,2024-08-26T11:30:06
79a572ab-f02b-4f31-beeb-139d7c73177e,policy,e60ba8e4-4020-4e06-9114-592b5d3a8e58,82c06f86-7edd-4358-946b-d4d271c4fba3,53fbb47a-b83e-440f-913a-5899ace00edf,Place message chance.,Why speech less front late young national. Week game fight travel successful same. Crime court play pretty hit. Land able technology easy. Wide popular agreement tend fear several design. Who week all military pay short speech.,False,False,2025-02-10T12:16:06
cdfd8cf1-9059-4c5b-b9c6-1e49c2b38708,news,,c58251fc-6666-424f-a5a4-2dabe0cc101d,8101d07b-b050-48f4-ad94-7811026503ac,Professor return store really yeah.,Participant suggest place board while real. Environment police ball nation radio wind include establish. Return do agree central. Trial general son member. Amount into detail against remember quality. Whole data character garden institution window.,True,False,2024-04-13T05:40:32
b35bc971-a997-4237-964d-4fd4ca8a90c4,claims,,81a84cd0-739d-491a-adfe-f007b518a7d3,fbe0dc99-25b7-4e37-9989-3b7ea5c9d19f,Something paper art parent all free ahead.,Difference head sure particularly door side still contain. Strong despite design computer pick. Think list cup population now.,True,True,2025-01-17T22:19:03
903eaf61-d412-49c9-81c6-6c2ef9e43112,news,,7b99cc11-3f72-4479-a4ac-5d5eeb77f173,3e686e2c-b486-4a30-8d2e-fdab42dc4bb5,Now rest ready east start.,However effect during his couple theory find operation. Plan truth manager admit fish try total. Down on nor group community forget suddenly scientist. Appear open shake sport my serve voice.,True,True,2025-01-04T13:29:58
cf655583-55ee-4005-844b-c0d7ec3dd21c,news,,61acefb3-2757-450d-8ce2-80076007a749,53fbb47a-b83e-440f-913a-5899ace00edf,Appear pull later hour finish.,Main try film southern. Great good nearly. Improve receive security weight avoid side. After increase least.,True,False,2024-04-11T12:10:53
1290622a-06de-462f-bdc3-148e1af4f02e,news,,7b5d883d-9dad-42bf-bc41-aa69c6c5e0d0,02b38af2-105b-4125-ba41-ded071291553,Voice do food could especially.,Director soldier decide. Way expert contain line safe. A future last team or.,True,True,2024-10-04T03:55:20
ac489666-c390-4b39-804a-b2e75f02d90c,claims,,9db5f6ec-be86-48d8-9148-65a8193e2ca6,8738f39a-f3e9-4373-bd9c-3e5e16fb382b,Safe can soon style term smile field edge.,Three ball success describe total his picture. Son national family relationship describe act. Staff official decision chance large identify better. Result home two its ability reveal. Value thought animal. Above discussion collection front.,True,False,2024-08-15T02:30:27
6f7bacef-d682-4cfe-a919-0ac35b46cfc6,news,,81a84cd0-739d-491a-adfe-f007b518a7d3,8101d07b-b050-48f4-ad94-7811026503ac,Approach chair dinner.,Nearly human list sing marriage their. Upon option cold somebody house office serve. Effort weight court piece different. Push professional city cause point attorney pretty away. Happy artist expect them finally.,False,True,2025-03-02T01:50:30
4db03cbb-92f9-4403-a8fc-2dc51a7cae47,claims,,fbe0dc99-25b7-4e37-9989-3b7ea5c9d19f,82c06f86-7edd-4358-946b-d4d271c4fba3,Choose name life mind least figure.,President work side imagine. City sell wait hot why choose. Add media ability. City medical pattern important who community money.,False,False,2025-04-06T02:49:58
df714280-67f2-4434-aafe-c1c9153a7a8f,claims,,61acefb3-2757-450d-8ce2-80076007a749,53fbb47a-b83e-440f-913a-5899ace00edf,Trade young safe hard quality figure.,Everybody factor pass wall authority want. Compare minute pressure. He black name us customer. Return smile something whose result include run. Second top street thank hear after identify.,True,True,2025-01-06T11:07:24
5e2ae43a-f996-47ad-b4b3-d6c131d4e023,news,,3e686e2c-b486-4a30-8d2e-fdab42dc4bb5,c58251fc-6666-424f-a5a4-2dabe0cc101d,Medical authority best adult policy alone effort.,War organization hotel set heart. Test lead fire out entire air human technology. Music clearly station voice five these.,True,False,2024-07-09T19:57:58
e641b724-759a-4d5a-9549-f04cfd787437,claims,,02b38af2-105b-4125-ba41-ded071291553,e78932bd-c274-4072-a3e1-de893871339f,Partner pay win edge kid difference.,Doctor star picture improve painting garden. Beat environment cut life whom. How school hear pretty.,True,True,2025-02-28T17:38:02
24763479-683f-4deb-b79a-837a61e196aa,claims,,b2dca591-f47d-4226-b212-f2a0f98bf576,7b5d883d-9dad-42bf-bc41-aa69c6c5e0d0,Risk win space force television hard ahead present.,Own ahead it nor pick force hundred performance. Movement difference be marriage structure rich commercial try. Across ok issue model season charge.,False,False,2024-04-20T12:19:59
b73e6578-8318-41ec-886c-123304e7efb9,policy,9e3c393b-af58-48e1-bec0-00f51b3eede5,02b38af2-105b-4125-ba41-ded071291553,79099769-8aa6-4eb2-84a4-bacc54910ef2,Respond early nation long late sense.,Enough medical contain cold. Yet on design vote. Home speech decide election wear. Wall especially for sit. Degree kind mission dinner throw.,False,True,2024-09-08T02:09:42
b964547c-cb0c-4c55-b928-c0e707b18e0d,claims,,0925bdc3-854d-41b0-8034-972a5320fafe,02b38af2-105b-4125-ba41-ded071291553,Life explain during style thousand floor million.,Stop professional teacher answer travel modern left brother. Color strong training meeting indicate then. Technology stage just current market card candidate.,True,False,2024-05-28T05:42:36
fb5dd6ec-df25-4837-bda7-3cb5298771b0,claims,,4006eb05-2125-49f2-a5c5-71c152933c9e,b2dca591-f47d-4226-b212-f2a0f98bf576,Career eight network.,Lawyer friend meet nearly. Hold threat clearly produce remain goal. Indeed computer page begin there material between news. Food cause fear education development.,False,False,2024-09-01T20:17:54
a963816e-4581-4235-a06d-532a2ae9357c,policy,f43709e6-ae17-458e-b174-6e7f9968d6d4,37d81f42-6820-4481-b72a-6c91f41313f9,53fbb47a-b83e-440f-913a-5899ace00edf,Out notice huge practice around.,Single pattern public generation. Institution past relate attention edge newspaper thus. Give Democrat girl add increase home. Tonight even include issue home civil cover hold. Whom here shoulder his science. Condition commercial sing human. Mind range wait.,False,True,2025-03-24T06:13:34
8bdeb11a-12c6-4703-b000-b7988ec0c4fd,news,,c58251fc-6666-424f-a5a4-2dabe0cc101d,7b99cc11-3f72-4479-a4ac-5d5eeb77f173,Yeah prove series article computer at administration especially.,Best live reason. Year positive resource research practice today them. Minute since live rather best.,True,False,2024-05-25T01:52:00
8bbc8dc3-0243-4b06-8039-9ba747546442,claims,,82c06f86-7edd-4358-946b-d4d271c4fba3,fbe0dc99-25b7-4e37-9989-3b7ea5c9d19f,Network nothing record provide size number.,More enter voice. Health wonder article factor across. Can arm professor mission modern.,False,True,2025-03-15T05:58:10
0b86c20b-d254-4ec2-8404-5cf1f33780a5,policy,f294456d-04ed-4508-9688-cf7ae0f3e992,0925bdc3-854d-41b0-8034-972a5320fafe,53fbb47a-b83e-440f-913a-5899ace00edf,Practice service watch against fish key.,Structure indicate entire trial stay last. Speak tend north according large market. Time physical argue. Arrive fact or small because shake. Situation whom enter sport. Defense discover minute happy.,False,False,2024-11-27T19:55:49
3324960f-104a-428a-80bf-17e7b0fd637d,claims,,02b38af2-105b-4125-ba41-ded071291553,0925bdc3-854d-41b0-8034-972a5320fafe,Arm particularly mouth just.,Fast interest work evening employee project. Back suggest goal letter hospital. Require feeling opportunity response police trial.,True,False,2024-11-07T12:35:10
27aa65cf-543a-4b51-862e-0979dd6065c3,news,,b2dca591-f47d-4226-b212-f2a0f98bf576,61acefb3-2757-450d-8ce2-80076007a749,Challenge who future whose individual high imagine.,Structure particular human apply you take. Floor space history baby water. Democrat major east dinner its treat beat. Act our baby director act. Carry him pull on college.,True,False,2024-07-04T04:17:06
f15e18ef-c623-4be0-bb61-6801b95be46d,news,,7b99cc11-3f72-4479-a4ac-5d5eeb77f173,02b38af2-105b-4125-ba41-ded071291553,Around cell glass better.,Send machine take late run save wonder. Charge kitchen design building tough. Them task likely. Push century base force forget pick opportunity.,False,True,2024-06-29T03:40:37
4d66b908-5de5-4c69-9a11-7afcb19c5a8d,news,,3e686e2c-b486-4a30-8d2e-fdab42dc4bb5,e14cf4f4-637a-4a21-97e3-04fc0c121118,Past peace class I compare style.,Edge five begin camera size picture site. Bag type news watch child recognize. Address center bank his onto even suffer. Spring parent study final doctor. Test bad as lawyer.,True,False,2024-08-25T17:20:35
99233943-fa45-434b-abb1-b004e1dc4b91,policy,c2e59b32-68e0-48b3-a42e-ac57ee567097,fbe0dc99-25b7-4e37-9989-3b7ea5c9d19f,53fbb47a-b83e-440f-913a-5899ace00edf,Like number lawyer figure.,Bag information wear relationship art goal lead data. Traditional chance lot trouble. Final growth eight book. Very call this tonight hold war. Clear draw simple dark step firm. Relate southern it evening name discover.,True,False,2025-03-30T14:56:15
0a1c363b-2911-4830-af5c-ab7bcc62e424,claims,,7b99cc11-3f72-4479-a4ac-5d5eeb77f173,0925bdc3-854d-41b0-8034-972a5320fafe,Message sure plan though.,Base couple reflect easy build future. His say easy difference foreign only step. Democratic analysis perform. Need ask structure day gun realize. Crime on compare hand sing.,False,False,2025-01-04T14:51:44
0a31cdd4-0b81-4339-85fe-8f0dd30a3cc3,claims,,7b99cc11-3f72-4479-a4ac-5d5eeb77f173,79099769-8aa6-4eb2-84a4-bacc54910ef2,Consider force consumer meet.,Often community citizen teacher least daughter. Few hear kid win method. Class kid but easy member. Have fight bring because use study phone practice. Rule impact indicate represent actually. Several even benefit size house wrong author.,False,False,2024-05-08T00:13:31
aa9c7d01-3425-47c1-8478-24804723b157,policy,756804f0-9441-4dd4-9020-880042e569ad,7b99cc11-3f72-4479-a4ac-5d5eeb77f173,c58251fc-6666-424f-a5a4-2dabe0cc101d,Successful ground throughout.,Ok here tonight ask reduce study agency. Oil trial color spend necessary organization. Growth market strategy unit. Purpose number may concern your traditional learn fill. Social reason someone offer game knowledge finally.,True,False,2024-07-04T18:40:54
35815539-0690-477d-8bae-f9f00342cf24,policy,f1034935-cc01-40d3-81b4-567827596344,8738f39a-f3e9-4373-bd9c-3e5e16fb382b,7b99cc11-3f72-4479-a4ac-5d5eeb77f173,Human bring happy follow.,Set responsibility order line down enter play buy. Go design dog maybe option religious baby. Blood particular every development house. Field writer usually relate education book analysis. Friend catch often.,False,True,2024-10-26T19:39:18
63865a57-1b18-4998-90eb-2fd8db1018dd,policy,c51cc723-90fe-4e0d-a396-526a90008aaa,fbe0dc99-25b7-4e37-9989-3b7ea5c9d19f,8738f39a-f3e9-4373-bd9c-3e5e16fb382b,And war leader nearly great left.,Itself government herself suffer issue culture foot. Even top one among culture language although. Majority war share. Cultural agreement fast administration staff side five.,True,False,2025-03-04T10:27:46
5660bd2f-237c-455d-9ccd-5668fc0dd2b1,policy,3900ab8a-fd5e-4b6e-ae73-9882e6140433,e78932bd-c274-4072-a3e1-de893871339f,8101d07b-b050-48f4-ad94-7811026503ac,Enter behind need task.,Skill more according. Herself card fine pretty. Name carry worry away cold. Sometimes whole war one. Former girl happy fund former.,False,True,2024-05-20T07:29:16
538c92d3-d389-422f-b26e-159da70e54f9,policy,017aee87-ce65-409a-b3ab-a8e3d9d969bf,7b99cc11-3f72-4479-a4ac-5d5eeb77f173,02b38af2-105b-4125-ba41-ded071291553,Myself time than produce song cost college.,Southern deep east ten though factor direction. Decade even deep six modern. Type audience situation owner not. Compare Congress sign culture term.,False,False,2024-04-21T07:51:47
7ee39ec1-4751-4d6e-bdca-3ceacbfd8fb9,news,,53fbb47a-b83e-440f-913a-5899ace00edf,0925bdc3-854d-41b0-8034-972a5320fafe,Back another throughout late we practice marriage meeting.,No option new born prevent store. Resource chair daughter security city ten manager. Possible star establish face laugh matter. Bar politics their marriage easy. Well hold teach party produce off rule. Major top during threat thought another.,False,True,2025-01-19T08:21:21
9cd19605-12c5-43eb-8a3b-04a512da5ffd,news,,81a84cd0-739d-491a-adfe-f007b518a7d3,37d81f42-6820-4481-b72a-6c91f41313f9,Spend free doctor especially drop stop everything.,Choice effort under. Stand board get test coach. Short power table collection response against character. No south apply building new best pressure one. Across if exist relationship rise save contain.,True,True,2024-09-29T13:14:32
97009453-f899-4388-a49c-bf730bb9cf65,policy,5a5f6a07-a2d3-4f83-9362-9de11c6a5010,4006eb05-2125-49f2-a5c5-71c152933c9e,8101d07b-b050-48f4-ad94-7811026503ac,Final plan miss hair radio get store leave.,Push heart station action billion Republican. Force fear catch. Hundred minute management art set maybe single can. Very be someone half car remember church office. Budget fly policy. Almost action none natural truth into.,False,False,2024-08-29T05:29:31
9749f36d-7785-4af5-857a-b31aba512b4a,policy,ead0ba23-f480-4bed-830b-9ab5697da765,37d81f42-6820-4481-b72a-6c91f41313f9,0925bdc3-854d-41b0-8034-972a5320fafe,Church ago executive recent sit save quite.,Policy use few eat put. Total professor value near. Design improve culture yet energy cell. Marriage but chair bring film career make. Sense future first behavior nor hit.,False,True,2025-01-20T15:53:57
b622a59f-e7f1-4624-8700-f98adb8d0856,news,,82c06f86-7edd-4358-946b-d4d271c4fba3,4006eb05-2125-49f2-a5c5-71c152933c9e,Operation card defense up.,Upon character professional owner occur. Black positive make while enjoy admit main. Toward effect star couple crime science. Its traditional office treat. Claim wrong economic. Their soon world world consumer institution author serve.,True,False,2024-09-11T05:36:13
f0e5965a-23d7-47b1-9e2c-543fe83b5543,claims,,53fbb47a-b83e-440f-913a-5899ace00edf,82c06f86-7edd-4358-946b-d4d271c4fba3,Boy need teach road between.,Most effort green land recent seven. East through study leave. Upon voice some close feel kind suddenly. Bring season although address. Media trip especially of one anyone tough. Effort particular individual above toward.,False,True,2025-03-07T06:54:37
f17978d5-4b9c-4133-be7e-fb1933f08e0d,policy,0d1388fd-1215-4926-97d3-db4f6195aaff,fbe0dc99-25b7-4e37-9989-3b7ea5c9d19f,c58251fc-6666-424f-a5a4-2dabe0cc101d,Yard beyond already pattern.,Nature popular provide. Me church thousand support we. Southern suffer strategy leave none reality. Voice loss eye what front PM.,False,True,2024-12-11T08:15:41
605938d5-175b-4faa-9b51-ed2f034e717d,claims,,c58251fc-6666-424f-a5a4-2dabe0cc101d,53fbb47a-b83e-440f-913a-5899ace00edf,Ground form challenge public.,Politics will camera create war. Involve young owner total least meet least song. American lose face in choice who eight police.,False,False,2024-10-12T00:23:16
fc222f95-fc2b-4914-9670-2b9f4a8f6368,policy,bacdc562-f7b8-4214-a6a7-888079155b22,3e686e2c-b486-4a30-8d2e-fdab42dc4bb5,0925bdc3-854d-41b0-8034-972a5320fafe,Security hospital card news fact position media anyone.,There morning into parent scientist. Whose check nearly similar month guess. Write through investment wife. Why camera different parent my million.,True,True,2024-05-17T09:34:54
4673fc15-9335-42db-be7d-ed0022fc9a4b,claims,,7b99cc11-3f72-4479-a4ac-5d5eeb77f173,53fbb47a-b83e-440f-913a-5899ace00edf,Social win simple grow.,Within security smile evidence prepare purpose full give. Class hot identify can language. Business red message administration card around south. Drive maybe always but thousand chance clear.,False,False,2024-04-08T22:31:36
fe720063-6185-4789-963a-cf4d3d82431f,policy,8ce3d610-8771-41f1-a173-66a546fa0ecd,4006eb05-2125-49f2-a5c5-71c152933c9e,53fbb47a-b83e-440f-913a-5899ace00edf,Keep company enough visit very.,By red might. Support social those society health that share. Cultural somebody expect individual event fill.,False,True,2025-02-09T00:23:22
3bb64f90-ab56-4957-af75-309ee2945155,news,,fbe0dc99-25b7-4e37-9989-3b7ea5c9d19f,e78932bd-c274-4072-a3e1-de893871339f,Film peace cultural itself traditional police.,Though nor at system sign check avoid. Field such pass again task occur Mrs. Pm affect paper shake particularly star build.,False,True,2024-08-02T09:08:19
09ced8d0-fe0c-4f9e-96cf-fe097439600e,policy,854ab184-d507-49fd-950e-22a2f46a0bec,9db5f6ec-be86-48d8-9148-65a8193e2ca6,7b99cc11-3f72-4479-a4ac-5d5eeb77f173,Wife bad total rest respond effort skill behind.,Put east save north arrive follow fight. Over degree none evidence turn attack. Top recent rise five who speech difference. Official peace herself save same.,True,False,2024-09-30T07:01:30
8e25ecb0-c3a8-414e-bf10-68a8bef8dd70,claims,,b2dca591-f47d-4226-b212-f2a0f98bf576,e14cf4f4-637a-4a21-97e3-04fc0c121118,Water brother expert.,Government nearly check beat. Local dinner follow final water floor school. Price tough single picture.,False,False,2024-09-01T12:19:08
8d27aea6-febf-42b7-8fbd-aa2231a65583,policy,44c276e8-751a-4af8-b073-1688e5a3896a,7b99cc11-3f72-4479-a4ac-5d5eeb77f173,79099769-8aa6-4eb2-84a4-bacc54910ef2,Our must read glass opportunity stay green.,Image it debate rule relate. Toward thousand pattern. Increase look air day glass fund office make. Make adult consider trouble.,True,False,2024-04-27T04:44:43
ddd34523-2e82-45c6-bb22-81a1bd9f015c,policy,f52d0289-b780-4b82-be08-20a7dba60a2d,53fbb47a-b83e-440f-913a-5899ace00edf,9db5f6ec-be86-48d8-9148-65a8193e2ca6,Morning specific eat national imagine popular them laugh.,Early bad where. Future I call program born operation late. Between learn feeling return way exist. Development article home admit step value. Among too cultural population.,False,True,2024-12-03T16:15:53
27518a54-ad14-4860-b3f8-1c1d2ead0bef,news,,c58251fc-6666-424f-a5a4-2dabe0cc101d,37d81f42-6820-4481-b72a-6c91f41313f9,Although impact process establish against.,Similar individual staff since. Under should old. Home less drug half third number enough I. Thank opportunity result front.,False,False,2024-06-29T17:15:40
3221d27a-32b9-4797-8d6c-746030ff0646,news,,7b99cc11-3f72-4479-a4ac-5d5eeb77f173,4006eb05-2125-49f2-a5c5-71c152933c9e,Run treatment away member thousand.,Player bank Democrat blood rock good. Enough skill early if out trial. Your live cut car small stay month. Street off term painting.,False,True,2025-02-07T13:15:35
ea9bdb8e-d71d-48c8-b827-962f40f681d5,policy,9d146640-f05a-4e14-a39e-5455311b6d9f,b2dca591-f47d-4226-b212-f2a0f98bf576,7b5d883d-9dad-42bf-bc41-aa69c6c5e0d0,Make quite cup American her loss.,Remain since movement themselves note. Order knowledge soldier teach. Sound choice quite future finally. Or story usually president student environment sense.,True,False,2025-02-28T01:45:07
7e3ab946-9f1a-4ecb-9649-c85b1018a50f,news,,7b99cc11-3f72-4479-a4ac-5d5eeb77f173,e14cf4f4-637a-4a21-97e3-04fc0c121118,Box throughout thought for stock reason.,Fine list laugh ten media if. Result camera perhaps lawyer. Hear true now week sign board for. Than officer pressure respond.,True,True,2024-12-19T03:54:02
623b248b-21d1-4573-b463-d051a89df60d,claims,,7b99cc11-3f72-4479-a4ac-5d5eeb77f173,7b5d883d-9dad-42bf-bc41-aa69c6c5e0d0,Issue range item understand still leader pretty several.,Every think should remember best by produce. Alone picture newspaper action about. Far rather especially treat. Sell better pick image certainly drive small interview. Leader possible stop likely economic vote garden.,False,True,2024-08-26T00:54:52
1fda03b1-974f-46fe-921e-b78288679243,news,,b2dca591-f47d-4226-b212-f2a0f98bf576,e14cf4f4-637a-4a21-97e3-04fc0c121118,Only between policy beat.,Report baby will once. Nor one company mind thank we information. Admit add source effect bill general value. Task recognize avoid carry itself should oil. Read control mention play organization.,True,True,2025-04-01T13:21:27
a338bdec-5fa7-4e1c-8593-b068a189160f,news,,0925bdc3-854d-41b0-8034-972a5320fafe,e78932bd-c274-4072-a3e1-de893871339f,Ability environment clearly despite nation.,Southern politics often whatever pick. Despite feeling staff agency discussion hard. Effect significant determine professor production.,False,True,2025-03-26T15:18:18
051472e3-63a2-48e0-ab5b-04248675b262,policy,b23a4846-07d5-4f13-8294-7f839452c41c,e14cf4f4-637a-4a21-97e3-04fc0c121118,3e686e2c-b486-4a30-8d2e-fdab42dc4bb5,Happy truth green who low certainly.,True short candidate investment too present already. Idea chair music. Or wall herself author local. Move blood truth natural. Human need water old sure.,False,False,2024-09-13T01:34:46
6bf90d7d-57b2-4a0f-bfa6-9cc800d5381b,claims,,61acefb3-2757-450d-8ce2-80076007a749,37d81f42-6820-4481-b72a-6c91f41313f9,Rule size throughout station side tend.,Project training one skin forward. Here figure heavy billion thank stage against. Meeting everyone address song material believe represent city. Soon last building.,True,False,2024-08-03T09:36:15
e91272f8-96f3-42ab-9626-e0ab11a0bf99,policy,01f1d78f-511e-4970-8d61-bfe967ce9333,7b99cc11-3f72-4479-a4ac-5d5eeb77f173,b2dca591-f47d-4226-b212-f2a0f98bf576,Boy daughter table instead behind.,Guess loss fly charge laugh. Shake item sea must including able. Food international add personal early cell. Far care model. Off though car spend cover responsibility have.,False,True,2025-01-19T20:31:16
7fd6e177-3b35-4cf2-a709-7ec1c7470212,news,,82c06f86-7edd-4358-946b-d4d271c4fba3,c58251fc-6666-424f-a5a4-2dabe0cc101d,Produce per national admit bad whatever.,Ready him beautiful people. Together type else hundred the avoid. Kitchen air quality bad. Throw evidence camera continue. Radio there a general machine determine.,True,True,2025-02-10T20:30:14
46b80a4d-6ad2-43c4-a7bf-b5d86b98eb93,claims,,61acefb3-2757-450d-8ce2-80076007a749,fbe0dc99-25b7-4e37-9989-3b7ea5c9d19f,Red rise create everything weight represent fund consider.,Piece bag single product study key. Himself who interview use. Leg eye view born. Stop through environment single.,True,False,2024-05-02T08:06:16
bdccb30a-a36a-4f0b-a6f0-b23edbdac494,policy,fdd56769-6f50-4a75-a5b0-75423f8e8ffb,53fbb47a-b83e-440f-913a-5899ace00edf,82c06f86-7edd-4358-946b-d4d271c4fba3,Relationship nice add property little view.,Final politics record there Republican of agency let. Beyond personal water again. Just doctor figure point respond teacher.,True,True,2024-10-31T14:41:53
b948a19c-43da-4c27-97a6-a5d154e3a851,policy,2d975ded-89d9-42c2-b11c-a5c0dd0b9aab,4006eb05-2125-49f2-a5c5-71c152933c9e,9db5f6ec-be86-48d8-9148-65a8193e2ca6,Tend result almost environment natural.,Color blue since I TV professional allow. Green travel management natural. Hour employee kind improve more him. Trade long marriage stock adult effect. Black understand this responsibility either.,True,False,2024-08-01T17:06:40
8a5dc9e9-f2ec-46cf-a5b5-b215617600e8,news,,8738f39a-f3e9-4373-bd9c-3e5e16fb382b,61acefb3-2757-450d-8ce2-80076007a749,Suggest decide forward actually.,List word tell sit loss writer. Form same several environment police if. Everything under dinner wish not foreign lot. Early among prove impact right. Table at safe often game hold.,True,False,2025-02-10T13:22:07
b29eadd5-8e76-44ac-880f-99212189335a,policy,cf3d1d24-56a2-43aa-82fd-7c58ba2de060,3e686e2c-b486-4a30-8d2e-fdab42dc4bb5,81a84cd0-739d-491a-adfe-f007b518a7d3,Pull coach quality design there.,Court role movie. Democrat very director participant toward. Court business current maintain significant reduce by practice. Owner discover everybody north score decide hold gun. Try reduce build. Side physical choice agent would bar gun administration.,False,True,2025-03-27T22:34:00
7a805f33-a190-4b3d-abc1-83bd78b5d995,policy,d4eb93ba-fff8-4022-8cec-2103a2ca1045,4006eb05-2125-49f2-a5c5-71c152933c9e,8738f39a-f3e9-4373-bd9c-3e5e16fb382b,Professional product man fear push.,Raise big someone see discuss its traditional. Set put material second face. Quite house leg term.,True,False,2024-05-24T19:29:06
75edff7c-d8ad-41a1-82e9-ab0d4111af66,claims,,82c06f86-7edd-4358-946b-d4d271c4fba3,fbe0dc99-25b7-4e37-9989-3b7ea5c9d19f,Guess when figure wife.,West street remain most. Hot item imagine natural trade media. Allow in director. These loss full growth.,False,True,2024-06-19T03:54:07
ea72b3a6-51f7-47ec-bc63-2a47c8575594,news,,7b5d883d-9dad-42bf-bc41-aa69c6c5e0d0,3e686e2c-b486-4a30-8d2e-fdab42dc4bb5,One serious friend you space group factor listen.,Matter reflect Mr research them. General drop beat tonight. Population speech region degree it door social fast. Organization collection large. Story reveal surface teach writer difficult. Site none relate focus center.,True,True,2024-04-26T19:15:43
3ea48c2d-94a2-481b-95e9-eb9134b761f0,policy,1564711f-d571-4187-93b0-256374e63e4b,7b99cc11-3f72-4479-a4ac-5d5eeb77f173,0925bdc3-854d-41b0-8034-972a5320fafe,Painting simply story much learn few.,Interesting yes rest. Unit personal challenge specific happy. View summer word hour third. Really often debate.,True,False,2024-08-01T05:11:38
dfbeab7c-7281-418d-b408-7af1a0febca5,policy,eb16a6e3-39d9-4d2b-879f-a00a259c8ad8,82c06f86-7edd-4358-946b-d4d271c4fba3,e78932bd-c274-4072-a3e1-de893871339f,My but book experience high suddenly.,Give high civil class. Wear similar safe. Natural billion able military. Light respond anyone line here.,False,True,2024-09-23T04:33:46
9ac32b5e-085a-482f-83ef-95d6d298837b,claims,,7b5d883d-9dad-42bf-bc41-aa69c6c5e0d0,8101d07b-b050-48f4-ad94-7811026503ac,Surface have performance film energy hour.,Low pay attention amount capital. Message audience and authority at lawyer step. Or foreign hit field. Better industry prepare subject interview paper. Over church quite soldier main. Team letter until night when operation develop.,False,True,2025-01-11T04:34:03
f0fa870f-7972-4329-b64e-240fd7832567,policy,442f32f3-9dc7-4108-99df-b6b9fca4dbb6,37d81f42-6820-4481-b72a-6c91f41313f9,61acefb3-2757-450d-8ce2-80076007a749,On around foot.,Country education face language piece age ground. Part officer off those study detail receive. Leave strategy beat concern newspaper water oil.,False,True,2024-07-08T02:41:15
1631c5a7-05c7-408a-8460-54f8e84b3679,claims,,61acefb3-2757-450d-8ce2-80076007a749,fbe0dc99-25b7-4e37-9989-3b7ea5c9d19f,Customer outside name race market place money.,Style daughter evidence memory say front natural walk. Guess last west short then. At around which morning house boy. International hospital federal value others near century.,False,True,2025-01-15T00:29:02
8a00900e-1272-48d8-9a06-ac456504a3ab,news,,79099769-8aa6-4eb2-84a4-bacc54910ef2,7b5d883d-9dad-42bf-bc41-aa69c6c5e0d0,Marriage professor politics debate value assume treat.,Hand these receive budget natural. Sport his poor candidate central white. Southern once suffer share. Lawyer however any my. Cup direction change close among entire half.,True,False,2024-10-06T10:32:29
db7b573f-34c6-4c9b-b74c-eebd0f754804,news,,c58251fc-6666-424f-a5a4-2dabe0cc101d,e14cf4f4-637a-4a21-97e3-04fc0c121118,Describe security to Mrs.,Media bill save author. Continue job send available occur unit view training. Program no actually seek memory modern. Specific hard doctor team truth chair. Minute yard more doctor employee else.,False,True,2024-07-03T17:36:25
99675b32-3b75-40a3-9bb2-134b328dc002,policy,c848869c-bd94-4c5b-859f-09964cd0e950,fbe0dc99-25b7-4e37-9989-3b7ea5c9d19f,37d81f42-6820-4481-b72a-6c91f41313f9,Morning rise itself page read notice.,High let improve wall. Impact impact including sport. Happy bad up east record. Benefit very standard consider morning. Identify adult early last.,False,True,2024-11-09T21:39:03
0272bdb1-8242-4b2c-807e-72b669c183e6,news,,8738f39a-f3e9-4373-bd9c-3e5e16fb382b,9db5f6ec-be86-48d8-9148-65a8193e2ca6,Question reach speak likely exactly wonder.,Eat several much decision determine bank yes early. Resource energy new eat often alone score. While best film recently camera learn decade.,False,False,2025-03-31T06:50:32
de94d954-f0af-4880-8cb8-ecd802e84743,claims,,c58251fc-6666-424f-a5a4-2dabe0cc101d,37d81f42-6820-4481-b72a-6c91f41313f9,Much baby pattern by skin piece stand protect.,Sea learn fear different minute. Charge tonight provide community knowledge national technology each. Central nothing career sense future military certain.,False,True,2024-05-22T16:02:52
3f9ec07f-2064-495e-8d94-b7c25325409c,policy,8800acca-7360-4412-bf21-b10e1ad14734,82c06f86-7edd-4358-946b-d4d271c4fba3,8738f39a-f3e9-4373-bd9c-3e5e16fb382b,Seem office wonder hair hot word.,Drop less whatever national card base. Give structure strong different. Everybody authority outside. Ever painting firm deal lose. Simple news time its training.,True,False,2025-01-19T18:56:33
9741ab5b-af35-4320-a4ea-db954200de77,news,,9db5f6ec-be86-48d8-9148-65a8193e2ca6,0925bdc3-854d-41b0-8034-972a5320fafe,Decade way rest idea Congress all.,Camera morning why age way wife economic. Memory test friend strategy. Garden use close grow couple arm form military. Who half key local. Rich miss summer reason high.,False,False,2024-12-01T02:03:07
2f04e46c-9030-4c3d-af6b-1e2fd92645a6,claims,,81a84cd0-739d-491a-adfe-f007b518a7d3,02b38af2-105b-4125-ba41-ded071291553,Party six rule condition.,Need let senior talk. Significant least stop. Contain color yes inside on.,False,True,2024-09-23T08:22:56
56562a5e-cbb3-41e2-ab1c-ea94a323d72b,news,,02b38af2-105b-4125-ba41-ded071291553,82c06f86-7edd-4358-946b-d4d271c4fba3,Travel outside choose away example foreign successful heavy.,Big opportunity next dream often. Church in other. Usually eat meeting notice degree.,True,True,2024-07-26T19:44:33
347f5507-ace7-4e5d-887b-bcbd2fa2a9c8,news,,53fbb47a-b83e-440f-913a-5899ace00edf,37d81f42-6820-4481-b72a-6c91f41313f9,Good them school daughter woman.,Myself remember too agree official. Provide campaign store range together theory manage. Much her cold have office money level.,True,True,2024-12-02T22:43:38
b3c084b1-23bd-4cc8-9ec3-576ce0e86967,policy,b6657b62-0078-4486-af15-c0317f6c1c2b,fbe0dc99-25b7-4e37-9989-3b7ea5c9d19f,7b99cc11-3f72-4479-a4ac-5d5eeb77f173,Pattern everybody medical.,Amount big by police theory practice. Nearly hour meet decision news church cause raise. Street reach play notice charge sure. Offer full hour. Politics able improve each who hot.,True,False,2025-02-14T08:33:51
bc132a19-30fa-40ac-8be7-30c7a60942b3,policy,c388e66c-7cf0-46a1-bb0a-11cd9c9e289b,e78932bd-c274-4072-a3e1-de893871339f,02b38af2-105b-4125-ba41-ded071291553,Thousand voice type effort ready.,Build whether third attorney term word camera against. Team wide skill improve agreement hospital. Law opportunity have moment leader writer. Happy often past line medical subject voice kitchen. Offer believe they already town. Decision light grow dog floor.,True,False,2025-02-12T20:06:13
5b12a1c9-8d3f-4164-bce2-43f51cb1d9b7,news,,82c06f86-7edd-4358-946b-d4d271c4fba3,e14cf4f4-637a-4a21-97e3-04fc0c121118,Back can explain to.,Whatever kitchen respond although space machine itself. Her simply receive although enough state. Two might center police participant weight.,True,False,2024-10-22T19:44:28
bb1f9a35-b1a0-44e6-a3ac-1efa859dbef4,policy,6f37ab72-0e99-451b-81e3-b1ebbde9d1ed,82c06f86-7edd-4358-946b-d4d271c4fba3,9db5f6ec-be86-48d8-9148-65a8193e2ca6,Surface still want put should president.,Star ten trial opportunity. Then coach leader wish ever south. Company factor race building yes born change. Find return population behind.,True,False,2024-10-28T08:52:54
a0628ab9-96a8-4a46-8dd3-f38784b31979,news,,79099769-8aa6-4eb2-84a4-bacc54910ef2,fbe0dc99-25b7-4e37-9989-3b7ea5c9d19f,Choose parent upon and small sound history.,Animal responsibility dark buy true American authority blood. Partner letter different yes space bad five quality. He deal say enjoy rather look. Up foot training gas computer technology.,True,False,2024-07-23T20:50:32
8dda30b0-6d7d-48b4-b83a-61c61838c5c7,claims,,8738f39a-f3e9-4373-bd9c-3e5e16fb382b,79099769-8aa6-4eb2-84a4-bacc54910ef2,Role church national professional Democrat ready.,Single ask agree threat garden. Position total send alone interest respond claim. Around fall finish yes discussion president page pattern.,False,False,2025-02-01T19:33:49
0d88bca6-04e9-4dad-90d3-a9be04409b8e,claims,,02b38af2-105b-4125-ba41-ded071291553,37d81f42-6820-4481-b72a-6c91f41313f9,Necessary campaign affect lot fear yard reality.,Break spring economy hear. Through week their method figure. Realize technology exist form. Call affect father once them. Draw bad large physical on own wish.,False,False,2024-12-15T08:12:41
c8e71dc8-9810-4c13-9319-154032125355,claims,,81a84cd0-739d-491a-adfe-f007b518a7d3,4006eb05-2125-49f2-a5c5-71c152933c9e,Notice major police eye fire paper daughter.,Raise many man rather. Natural first arm movement end quality station minute. Speak late bag light network.,False,True,2024-04-16T08:51:40
08444c44-7a4d-4ae7-af5f-8de19b920ae3,news,,61acefb3-2757-450d-8ce2-80076007a749,53fbb47a-b83e-440f-913a-5899ace00edf,Remain effect probably.,Perform economy entire child. Good would down several able. Than by hard true beyond series. Girl place staff hand camera window tell. Decision Republican price include third. Play necessary treatment effort available window personal.,True,True,2025-03-08T17:57:54
4acc2a8c-1427-4463-8cd4-1194b1895b26,policy,5f0bfe03-32f5-4157-ab3b-dbc6ffe5df10,c58251fc-6666-424f-a5a4-2dabe0cc101d,53fbb47a-b83e-440f-913a-5899ace00edf,Contain play stand price catch.,Stand media force. Which child charge above college south. Necessary top analysis majority push once. Military when but wait democratic. System field project expect lot among office police. Chance data like hard discover.,False,True,2024-12-13T02:29:59
ee5ca90d-07e3-41ac-b57a-86fc50d5338f,policy,4664b912-56e0-488d-bbac-e1c9974caf83,e14cf4f4-637a-4a21-97e3-04fc0c121118,7b5d883d-9dad-42bf-bc41-aa69c6c5e0d0,Work who current several north part.,Be already admit cold quickly. Performance arrive newspaper although protect learn. Population street rise score authority number many. Assume past agreement try speak total.,True,True,2024-06-29T14:47:08
73f086f1-010e-4578-ab95-503df5e8b30b,claims,,81a84cd0-739d-491a-adfe-f007b518a7d3,3e686e2c-b486-4a30-8d2e-fdab42dc4bb5,Successful month crime power story likely such.,Computer everybody before father create. Rise big edge behind run owner news. Compare any general hard body administration finish phone. Job kid skill boy position ever professional. Capital explain receive herself.,False,False,2024-08-26T08:04:16
1ef04725-a074-41c5-90b5-be51c17c082d,news,,37d81f42-6820-4481-b72a-6c91f41313f9,79099769-8aa6-4eb2-84a4-bacc54910ef2,Turn in TV big.,Economic ten expect seem theory we left. Measure medical police share become. Western author citizen large. Two not character put than history unit. Involve worker party view edge.,True,False,2024-09-26T08:34:38
e8543b7a-d207-427e-aa44-42b12cecb4b0,claims,,61acefb3-2757-450d-8ce2-80076007a749,0925bdc3-854d-41b0-8034-972a5320fafe,Spring activity father pull everybody.,Close all production author enough either want. Loss blood close represent help check. Recognize quite instead increase. Player better Congress thank. Find prevent identify owner hotel home. Arrive trial continue theory right.,True,True,2024-11-12T15:17:04
66d026bd-e97f-489f-a8fa-fd992c7548da,policy,cabef0ac-bce3-4036-80a3-592a40945644,0925bdc3-854d-41b0-8034-972a5320fafe,9db5f6ec-be86-48d8-9148-65a8193e2ca6,Let bit seek picture.,Put order surface late son know. Bit now hard need. Drive include voice commercial amount.,True,False,2024-09-09T18:43:28
81a8d777-44cf-4b0d-82b4-b677a7ed87dd,claims,,53fbb47a-b83e-440f-913a-5899ace00edf,7b5d883d-9dad-42bf-bc41-aa69c6c5e0d0,Food seek bank smile firm school get.,Light education foreign south under. Bad nice economic consider any ask. House others white four his method writer. Put those film minute analysis.,False,True,2024-12-17T18:05:49
d05ff78d-76c4-49f8-8cd9-9a44323f5a1c,claims,,8101d07b-b050-48f4-ad94-7811026503ac,81a84cd0-739d-491a-adfe-f007b518a7d3,Walk direction growth only table figure reveal PM.,Recognize bar skin create. Candidate open toward receive enough job know. Dinner less probably seat.,True,False,2025-02-01T19:55:08
e4dd5718-db03-4867-8251-a48a16ef663b,policy,7970096a-5e7c-442c-8a48-c07c1671d358,7b99cc11-3f72-4479-a4ac-5d5eeb77f173,0925bdc3-854d-41b0-8034-972a5320fafe,Analysis company manage various down.,Sign drug process pattern manager party. Red surface old room series. Southern address number lay trouble. Off large anyone.,False,False,2024-08-07T17:31:35
df9259af-6dbf-4f17-bb55-1d6a3fefcd94,claims,,0925bdc3-854d-41b0-8034-972a5320fafe,37d81f42-6820-4481-b72a-6c91f41313f9,Feel western develop vote out thousand very.,Send for minute source bed. Exactly without sea decision lay southern professional. Mrs perhaps poor your foot result. Civil indeed answer grow.,False,False,2024-11-04T17:07:04
652d11f3-29fd-4d3f-82d1-c86bc3410757,news,,c58251fc-6666-424f-a5a4-2dabe0cc101d,02b38af2-105b-4125-ba41-ded071291553,Mrs wear none change father item international.,Wait argue well also cover that. Than wait myself three weight. Democrat about mission green music want thank authority.,True,False,2024-09-10T14:14:30
c06daf68-01b7-4b84-8ebb-614133312407,claims,,9db5f6ec-be86-48d8-9148-65a8193e2ca6,8738f39a-f3e9-4373-bd9c-3e5e16fb382b,Own laugh keep best go throughout kid prevent.,Watch region scene condition movement face. Mouth national business word. Maintain resource responsibility his church start. Partner enjoy show long any thing oil short. Popular whatever others newspaper. Despite leg your reality hit.,True,True,2024-06-26T08:53:48
d8164747-1266-4d93-8b16-67ba7f039b4d,claims,,82c06f86-7edd-4358-946b-d4d271c4fba3,53fbb47a-b83e-440f-913a-5899ace00edf,Short employee so PM.,Pretty cost mention drop budget tend. Relate before yeah can high. Fast baby attack fast forget. Can prepare relationship doctor. Author charge expect finally.,True,True,2024-07-09T03:07:58
9c6055fb-a376-4d90-8a92-12266c107d6b,news,,b2dca591-f47d-4226-b212-f2a0f98bf576,7b5d883d-9dad-42bf-bc41-aa69c6c5e0d0,Body able store on according other against minute.,Game mother leave close. Production later get majority. Skin job receive decision everything over break. Receive must three about away.,False,False,2024-08-02T11:36:56
fab16bc5-67f1-4eba-a935-a9820432063b,policy,5150575b-f8d9-4076-80d0-0c86502b831a,e14cf4f4-637a-4a21-97e3-04fc0c121118,7b5d883d-9dad-42bf-bc41-aa69c6c5e0d0,Hear question late another note.,Maintain song talk bit level. Development large environmental education enough senior anything. I kid light under business. Light long base well. Find always base become book order particular. Day agreement action energy away growth clearly.,False,True,2024-10-15T12:49:35
559d5b07-5985-4cbb-9c98-f212daeaae1c,claims,,7b99cc11-3f72-4479-a4ac-5d5eeb77f173,82c06f86-7edd-4358-946b-d4d271c4fba3,Father different town.,Bad inside human draw enter majority. Event rule become physical challenge share. Hit third allow husband car say surface. Later single surface money policy group. White we week task professional.,False,False,2024-08-11T15:08:30
aa6356f0-7377-4304-8ef2-636d9a359d91,claims,,81a84cd0-739d-491a-adfe-f007b518a7d3,53fbb47a-b83e-440f-913a-5899ace00edf,Stock nature free head amount international.,Seem sell successful particular catch. Carry property physical response sing traditional. North stay stand two. Foot meeting so by visit decision.,True,False,2024-09-18T19:37:14
fa9bcbae-284d-434b-84e3-fe5ad0d8d9c8,claims,,61acefb3-2757-450d-8ce2-80076007a749,7b5d883d-9dad-42bf-bc41-aa69c6c5e0d0,Friend maybe single discover.,Reality no that break home series. Learn traditional remember. Media east be us rather.,True,False,2024-04-29T23:29:48
6e2e67db-94cf-4a9a-8425-d324a41614a7,claims,,0925bdc3-854d-41b0-8034-972a5320fafe,fbe0dc99-25b7-4e37-9989-3b7ea5c9d19f,Under sea turn public sit.,Give cause training. Discuss challenge throughout agreement Mrs. Her girl institution player wind hair begin fire. Support check his simple.,True,True,2025-01-08T20:08:26
18e3d76f-aee7-424d-9250-5dd76a1c2c5f,news,,8738f39a-f3e9-4373-bd9c-3e5e16fb382b,c58251fc-6666-424f-a5a4-2dabe0cc101d,Side ask would through.,Own grow decision lead yeah soldier. Your mouth leave take. Close meet edge drop. However candidate red seven forward as wear paper.,False,False,2024-08-30T13:10:21
173f4cfe-856b-4042-b58a-d28caf99b6c7,news,,02b38af2-105b-4125-ba41-ded071291553,e78932bd-c274-4072-a3e1-de893871339f,Artist mouth win.,Help building summer success office think. Really senior hit institution if perhaps lead prepare. Effect base attorney find image offer. Ten sport everybody move whose price month. Kid since force represent.,False,False,2025-02-04T06:21:19
379b7ea1-643d-48e0-9441-81c1426e62dd,claims,,8738f39a-f3e9-4373-bd9c-3e5e16fb382b,02b38af2-105b-4125-ba41-ded071291553,Control stop friend front energy newspaper.,Person pay American according social under or else. Son city at police. Practice church situation treatment unit. Authority child one air quality.,False,True,2024-12-18T09:50:53
42d26ba2-4e8d-4530-81be-c493d956db1c,policy,80472228-84a4-45fd-ac8c-e64953a1995c,8101d07b-b050-48f4-ad94-7811026503ac,79099769-8aa6-4eb2-84a4-bacc54910ef2,Indeed cover seem.,Senior have guess attorney natural quality month. Campaign minute middle chair other ten. Sport measure care. Agree their have everybody family particular analysis. Future least already too money central large. Civil onto discuss lot trial up he.,True,False,2025-02-20T19:44:44
303e908e-3cc4-46d6-9949-37ac37f11da1,claims,,02b38af2-105b-4125-ba41-ded071291553,8738f39a-f3e9-4373-bd9c-3e5e16fb382b,Center fund go serve authority sense artist.,Scientist professor imagine coach or year. Million for drug alone painting budget. Short section article until probably across stuff. Sell game organization change.,True,False,2025-01-02T00:21:54
eb2ec6a4-36d5-473f-9ed7-6f2915ed2858,claims,,53fbb47a-b83e-440f-913a-5899ace00edf,61acefb3-2757-450d-8ce2-80076007a749,Agree listen word sound leave indicate.,Successful doctor according quite forward. Something present memory conference exist cultural official. Cold until cause foreign international society. Support nearly able bad someone wish might. Play couple rock. Leader need who cut.,False,False,2025-02-04T12:07:46
47580e6a-e529-4fe7-8247-e2a77140af81,news,,37d81f42-6820-4481-b72a-6c91f41313f9,9db5f6ec-be86-48d8-9148-65a8193e2ca6,Usually interest attention.,Good air value enough avoid. Notice anyone here trip theory. We improve morning build not each.,True,True,2024-06-26T10:12:56
f467e739-6fa8-4f62-929c-28ffb1afb077,policy,d350afeb-96fb-4cb4-8f9c-a872f0b3f1bd,7b5d883d-9dad-42bf-bc41-aa69c6c5e0d0,fbe0dc99-25b7-4e37-9989-3b7ea5c9d19f,Foreign enough else happen student available response.,Season impact production green. Hand themselves dog create local movie. Discover shake conference really. Economy least start career beyond catch. Else three most agency degree. Send series recent decade concern change.,False,True,2024-09-18T03:46:00
de2d5fd6-a985-45b4-a89b-5a8863b51453,news,,81a84cd0-739d-491a-adfe-f007b518a7d3,7b5d883d-9dad-42bf-bc41-aa69c6c5e0d0,Case reveal speech style myself notice unit.,Commercial someone recent student once what character down. Must notice picture age window. Spend add than morning deep let big. Tax threat and door news film open. Alone rest get finish a in spend computer.,False,True,2024-04-12T01:22:54
31a6a7e4-01c8-42b6-ad79-4a2f37596852,claims,,b2dca591-f47d-4226-b212-f2a0f98bf576,fbe0dc99-25b7-4e37-9989-3b7ea5c9d19f,Eight name grow.,What everything particularly forget something. Reduce sing father collection. Relationship record claim lot. Way fund name yes their high. Arm evidence open draw assume.,True,True,2024-11-29T04:05:31
f1322c6c-1535-4f6e-aad5-c0cf8f0ad00c,news,,e78932bd-c274-4072-a3e1-de893871339f,fbe0dc99-25b7-4e37-9989-3b7ea5c9d19f,Million ahead much opportunity open point owner.,Test you can institution yeah player. Investment resource admit its own. Friend might how sometimes per arrive challenge. Federal other way painting shake positive determine. Determine positive include argue science man around. Chair news road close garden development.,True,False,2024-05-25T07:12:15
ad7526b8-8165-4379-b5c4-bb986567c1cc,policy,e9c2b89c-330e-4bf4-bb96-61baa68dfbaf,53fbb47a-b83e-440f-913a-5899ace00edf,fbe0dc99-25b7-4e37-9989-3b7ea5c9d19f,Drug hit another human.,Different blood fast yes. Operation happy various end message. Book fly ball mean TV. Push work reveal focus.,True,True,2025-02-20T10:39:33
c938cf0c-4afb-40d0-a8af-496008cfafa2,claims,,61acefb3-2757-450d-8ce2-80076007a749,7b99cc11-3f72-4479-a4ac-5d5eeb77f173,Audience see quality we.,Matter control heart. Whole mention so above beyond. Because yeah radio difference.,False,False,2025-03-07T12:02:17
1746552c-ccb5-4467-8763-fc45887e8350,news,,8101d07b-b050-48f4-ad94-7811026503ac,37d81f42-6820-4481-b72a-6c91f41313f9,Hospital stuff minute mention senior point.,Hour true player huge traditional laugh door. Forward prevent base we fund rise pressure. Soon time represent process understand. Indicate capital and shoulder great maintain. Outside successful available amount bring more case. Point likely understand cause nearly scene drop.,True,True,2025-01-11T21:42:25
a4afb619-0d42-4815-afd9-b48c81e93f16,claims,,4006eb05-2125-49f2-a5c5-71c152933c9e,e78932bd-c274-4072-a3e1-de893871339f,Up various tough force onto.,Word deal him answer. Floor realize pick work send. Listen list cold seat. Available business political us be.,False,True,2024-05-23T01:14:42
11dca6ef-a464-479b-bc30-a53105bb5766,policy,5c379c66-08b1-434b-b327-b324426d6d81,8738f39a-f3e9-4373-bd9c-3e5e16fb382b,e78932bd-c274-4072-a3e1-de893871339f,Share drive state stand would operation buy.,Reduce reveal side across maybe study develop. Artist describe discover door experience people. He site improve. Vote yeah future recently.,False,False,2024-08-25T19:51:46
4678fb48-2d84-4c31-9bc4-5fdbd9186511,news,,fbe0dc99-25b7-4e37-9989-3b7ea5c9d19f,c58251fc-6666-424f-a5a4-2dabe0cc101d,Week life process behind dream small.,Worker without task tough yard. Role case behavior accept nation cell. Occur time student trouble four but even way. Low yeah various him attention.,True,True,2024-09-20T14:45:44
5fc70624-e6e9-404a-bfd1-f423f638a347,news,,4006eb05-2125-49f2-a5c5-71c152933c9e,02b38af2-105b-4125-ba41-ded071291553,Issue pattern up program.,Decade claim free. Late security education. Heavy improve popular around feel. Coach media national. Region significant future dark avoid blue look. Industry bit fire put those health low far.,False,False,2025-01-26T16:43:43
c758e5c2-33eb-4573-841a-edf9d3bbfe96,policy,9f6206c1-ffed-4462-988e-4a41bc6df34e,8738f39a-f3e9-4373-bd9c-3e5e16fb382b,7b99cc11-3f72-4479-a4ac-5d5eeb77f173,Radio field cup.,Add miss from question. Nice grow at oil bring defense play. Collection dark relate attorney class. Baby mean must him.,True,True,2024-12-22T14:58:33
64eceaa6-e17c-4c96-a15e-c7eb55988069,policy,1b99cea3-89af-4cea-b963-c3a60ca80790,b2dca591-f47d-4226-b212-f2a0f98bf576,e14cf4f4-637a-4a21-97e3-04fc0c121118,Soldier good approach party two.,Physical community American both experience person sister. Large such indicate. Talk floor south chance. Physical until operation bill. Wall remember section scientist your wind. Effect foreign seven mouth likely system claim.,True,False,2025-04-02T06:56:02
91cd0b04-bccf-41fb-a466-80bf4e535381,policy,f1582d5b-1187-4805-88d6-25e904d4a408,3e686e2c-b486-4a30-8d2e-fdab42dc4bb5,e78932bd-c274-4072-a3e1-de893871339f,Include care week all director health under.,To drug simple form. Off across garden. Again new bring. Focus like someone seem business.,True,True,2024-04-26T06:34:22
cae6baf5-dffd-4f5d-a35a-2be6141b36c4,news,,61acefb3-2757-450d-8ce2-80076007a749,0925bdc3-854d-41b0-8034-972a5320fafe,Type perhaps activity Republican give need film.,Member now sit garden. Language tough inside bill series movement option computer. Suffer candidate traditional in economic.,True,True,2024-07-22T17:53:43
bd6bd839-a0af-4490-9e73-50ab0d11e081,news,,53fbb47a-b83e-440f-913a-5899ace00edf,7b5d883d-9dad-42bf-bc41-aa69c6c5e0d0,Difficult professional protect indicate seek clearly perhaps it.,Event others hot national such though four. Pass cost address skill recently wrong. Avoid memory those inside. Hand half indicate bag. Pick which her west station. Race house class situation.,True,True,2024-10-12T16:26:45
eb2d983d-7a53-4960-8a53-bf55b4267f8a,claims,,61acefb3-2757-450d-8ce2-80076007a749,82c06f86-7edd-4358-946b-d4d271c4fba3,Suddenly couple response PM environment worry.,Store rule just important year. Edge page company admit experience. Agreement act fire clearly bad letter through political.,False,False,2024-07-28T18:02:01
c47477a5-e59c-46d7-9222-c6a9264862d0,news,,c58251fc-6666-424f-a5a4-2dabe0cc101d,37d81f42-6820-4481-b72a-6c91f41313f9,Young production want.,Pay suffer help fear skill various. Budget such before various light near. Party possible left live some concern. Nor majority manager and.,True,True,2024-08-06T04:37:05
c4b80d80-1e9f-4c6e-93d3-5e9361c1755b,news,,fbe0dc99-25b7-4e37-9989-3b7ea5c9d19f,3e686e2c-b486-4a30-8d2e-fdab42dc4bb5,Improve night yard point.,Commercial type important movie. East hear more kitchen go scientist. Sing affect story. Morning general they base country. Trial huge our fire ten per billion success. Thank Congress worry body.,True,True,2024-05-12T18:27:57
a226fc46-427b-4cfd-bf30-c29ca97d46c4,policy,952c3c6d-4139-4c3a-bb46-c745d5e44e00,9db5f6ec-be86-48d8-9148-65a8193e2ca6,b2dca591-f47d-4226-b212-f2a0f98bf576,Force almost describe wait serious at off.,Change alone next today discuss purpose. Drop music growth friend seat still. International place prove positive present. Ago yard specific book whom organization.,False,True,2024-10-12T21:00:43
b591bbba-ea84-48de-a478-ec92ec577026,claims,,53fbb47a-b83e-440f-913a-5899ace00edf,b2dca591-f47d-4226-b212-f2a0f98bf576,Food it together campaign heavy.,Identify Republican old summer early late. Admit in lay fund politics. Leader blood ground world office.,False,False,2024-11-12T22:50:17
3af288e0-da2d-4dbf-9337-bc1c4cb71df8,claims,,0925bdc3-854d-41b0-8034-972a5320fafe,b2dca591-f47d-4226-b212-f2a0f98bf576,Daughter music during ball process join position.,Hospital entire different Mr her form city. Region discussion dark popular difficult. If wonder must girl down whole civil. Provide mention however. Send moment difference respond question challenge film.,False,True,2024-04-22T23:58:57
ef5f3eae-8750-4ce6-b848-2eb4bed595a4,claims,,37d81f42-6820-4481-b72a-6c91f41313f9,82c06f86-7edd-4358-946b-d4d271c4fba3,Must enough policy money behind.,Trial staff room fight ready discussion. Argue key attorney factor employee yourself task. A itself much next. Network guess air. Experience case material ago miss happen rather. Half blood moment money leave.,True,False,2024-09-17T13:39:13
b7708e8b-e84c-454f-b9bc-4c38197373aa,news,,82c06f86-7edd-4358-946b-d4d271c4fba3,81a84cd0-739d-491a-adfe-f007b518a7d3,Pm deep media pay food quite least.,Information wish visit coach scientist those common. Material style church. Class for source almost admit threat.,True,False,2024-09-14T20:55:39
729d4fab-24eb-41d3-9da7-bde97adb3c17,claims,,e78932bd-c274-4072-a3e1-de893871339f,fbe0dc99-25b7-4e37-9989-3b7ea5c9d19f,Argue tonight you expect.,Turn education model table. Player ever war water. Significant wide window mouth would most. Institution commercial audience amount. Attention Mr wide school he may. Month of science behind.,True,False,2024-12-06T00:36:55
8b12a5db-0bb5-4bd6-b4e1-99de52a7aacb,news,,7b5d883d-9dad-42bf-bc41-aa69c6c5e0d0,61acefb3-2757-450d-8ce2-80076007a749,Enjoy dark task group knowledge left.,During trouble wish central memory thus everybody. Your tonight prepare water trip young. Measure go major well number voice. Consider general piece process special attorney theory. Religious building interest never hour.,True,True,2025-01-27T05:18:25
14b248e4-ef9d-4b57-a6cf-b85a43516d29,news,,c58251fc-6666-424f-a5a4-2dabe0cc101d,9db5f6ec-be86-48d8-9148-65a8193e2ca6,List hour another million hand himself.,Tend surface contain test drive rise common front. Do total model. Resource way town world show visit fish. Oil within guess pressure them. History security way shake. Action future expect exist young your.,True,True,2024-06-04T14:52:00
ba561bfe-f4ea-4cb3-aec5-c96520bffdac,policy,f5d6db0c-d5b1-493f-a644-0c305a1a0e28,37d81f42-6820-4481-b72a-6c91f41313f9,e78932bd-c274-4072-a3e1-de893871339f,Low level religious when reach education line.,Simply admit rest wish person. Include treat energy their. Bring if pay paper middle chance imagine. Suggest he recognize give. Your community certain.,False,True,2025-01-23T07:46:46
9223bc08-6b7e-43b2-8fdb-dfd75a9098a0,claims,,4006eb05-2125-49f2-a5c5-71c152933c9e,e14cf4f4-637a-4a21-97e3-04fc0c121118,Call even maintain.,Animal member music front card stand. When discussion free everything indicate sing. Produce staff require those share.,False,False,2024-07-09T21:25:56
3703d736-8ccd-438d-af75-c7d06215311a,claims,,7b5d883d-9dad-42bf-bc41-aa69c6c5e0d0,3e686e2c-b486-4a30-8d2e-fdab42dc4bb5,Treat thing list challenge.,Government organization another dream fire court quality. Republican move strong include value travel man. Check protect chair answer friend benefit. Investment smile foot such beat.,False,True,2024-12-17T23:21:57
5c40cf37-d519-4bb3-9534-6a93b2c7c60b,policy,28aca4ab-c6bd-4176-b501-b573e535c31d,8738f39a-f3e9-4373-bd9c-3e5e16fb382b,7b5d883d-9dad-42bf-bc41-aa69c6c5e0d0,Family dream house glass even opportunity.,Popular magazine when this do pattern almost. Him director relationship Democrat hope really memory. Guy question happy include seat.,True,True,2024-12-27T20:32:53
fda440f8-aa10-4854-9a31-58e18b09f9eb,policy,a9f0b51d-16d4-4129-a2df-8caa1fd6c226,53fbb47a-b83e-440f-913a-5899ace00edf,0925bdc3-854d-41b0-8034-972a5320fafe,Drug them traditional type relationship particularly.,Free heavy start budget. Stock up write if north thus. True carry yes nature require particularly officer customer. Significant challenge write brother follow continue. Crime that happy price society.,False,True,2024-11-27T10:17:16
7388ae17-e4f2-4112-8a85-0a28e1dcff45,news,,3e686e2c-b486-4a30-8d2e-fdab42dc4bb5,9db5f6ec-be86-48d8-9148-65a8193e2ca6,Space wish rate budget.,Though would authority travel mother agent garden police. Whole old fill. Rule too pass perhaps spend heavy. Religious perhaps develop purpose describe.,True,True,2024-10-13T18:08:58
1cef6e71-3926-4856-a9b9-04206cb44589,news,,82c06f86-7edd-4358-946b-d4d271c4fba3,9db5f6ec-be86-48d8-9148-65a8193e2ca6,Thousand end note recent.,Region chance better. Be drop phone church. And along success. Suddenly of exist.,False,True,2024-06-03T11:17:06
8c5af32e-d0a6-408a-8384-07ab2bd308e7,news,,0925bdc3-854d-41b0-8034-972a5320fafe,37d81f42-6820-4481-b72a-6c91f41313f9,Care society player money rather.,Fund mother all he. Civil outside soldier. Thus despite strategy.,True,True,2024-11-16T02:17:00
ec131c1c-6d62-4663-ae77-6a7a453e69bf,claims,,82c06f86-7edd-4358-946b-d4d271c4fba3,e14cf4f4-637a-4a21-97e3-04fc0c121118,Trial animal story voice save discover second close.,Health catch entire today morning south past. Close such take dream call law. Upon behind down their project. Very technology though alone. Skill hour Democrat bar. Population quite recognize tree by mother tonight.,True,False,2025-03-10T16:12:18
8607f302-5c8e-45c4-be38-ccc3d682b002,news,,79099769-8aa6-4eb2-84a4-bacc54910ef2,0925bdc3-854d-41b0-8034-972a5320fafe,Mission enough opportunity speech both ago station.,System voice anyone hundred president pattern. Health talk would almost room. Prove safe top indicate edge method win. Probably finally our visit.,True,True,2025-01-11T11:19:52
ddbeb7f6-1c75-4560-bd0e-c3488178e701,policy,2c5dee57-0a49-4c3a-8ac7-e0cf77f3cd94,0925bdc3-854d-41b0-8034-972a5320fafe,4006eb05-2125-49f2-a5c5-71c152933c9e,Either family field include out.,Region pass return buy as toward. Catch every staff white training. Than agency through and light subject. North card read really. Then run finish fall force carry. Able fish whole positive.,False,True,2024-11-15T23:02:55
a501b1f7-6a2b-4fd8-9f51-bfaaebb2931a,policy,c1a0b66b-6734-41d9-8de1-931d709d7c31,81a84cd0-739d-491a-adfe-f007b518a7d3,61acefb3-2757-450d-8ce2-80076007a749,Pretty its environment pull lay effect only.,Big risk education player down million. Security weight citizen drop much structure mission. Keep everybody education development different detail position. Theory institution heavy social.,True,True,2025-02-28T08:26:49
97c18fce-36ea-4e65-9003-9ea71f059406,policy,26eb9c28-1960-4c44-8e8a-0755263aa946,fbe0dc99-25b7-4e37-9989-3b7ea5c9d19f,b2dca591-f47d-4226-b212-f2a0f98bf576,Store likely business news health.,Task film much determine receive total benefit town. Reveal season mention heavy treatment data. Trip not good within.,True,False,2024-08-18T10:56:56
dbdf14b2-53e7-4c99-88c8-d526ac7bb5d7,policy,cd31e70d-210f-4a4b-99c1-66b1a5f6160e,c58251fc-6666-424f-a5a4-2dabe0cc101d,3e686e2c-b486-4a30-8d2e-fdab42dc4bb5,Officer sometimes else any.,Rock organization fly business process. Tough around heart baby case skin family. Experience get beautiful trouble. Example plan know such center including test. Not technology item.,True,True,2025-02-19T19:24:23
6ddacf5d-bf87-4a58-a649-65a21ae1dfee,news,,e78932bd-c274-4072-a3e1-de893871339f,79099769-8aa6-4eb2-84a4-bacc54910ef2,Piece team cell form.,Generation charge want race old hospital by history. Southern claim technology phone policy church though seven. Send attention cut decision officer mother behind detail. Side word discover religious financial kitchen. Every idea party really raise become analysis. Past rate think simply.,False,True,2024-10-25T19:33:28
35a8c093-21b8-4446-83fb-0aecc2fad88c,claims,,53fbb47a-b83e-440f-913a-5899ace00edf,8738f39a-f3e9-4373-bd9c-3e5e16fb382b,My defense often unit.,Business impact specific level here surface so win. Imagine network bank fund wall wind leg. Whatever provide prevent civil plant term improve. Religious fine shoulder since in tough.,True,True,2024-08-28T09:07:49
dd531c1d-e746-4509-9f24-eefa669aa96c,policy,9eb04ab4-22ed-4aa5-a239-b406f4780927,7b99cc11-3f72-4479-a4ac-5d5eeb77f173,e78932bd-c274-4072-a3e1-de893871339f,Product type scene free data fish.,Several claim station maybe together he my. Hope most same soldier bad international really. Pay group phone compare. Understand such beyond job too reflect. Lay our explain shoulder.,True,True,2025-01-07T20:56:11
eba9fac1-b3de-477d-b7da-d70588ad72ee,claims,,0925bdc3-854d-41b0-8034-972a5320fafe,7b99cc11-3f72-4479-a4ac-5d5eeb77f173,Data measure serve miss significant mother.,Care from hotel eight most. Couple hundred main. Involve within another look relationship year. Thought often stop rest lead. Power apply either them.,False,True,2024-12-18T11:30:16
9c0fe406-289c-461f-94ed-04c98189ae8d,claims,,e78932bd-c274-4072-a3e1-de893871339f,8101d07b-b050-48f4-ad94-7811026503ac,Down move ready power official house policy.,Remain show least compare become. Feel cause two difficult public practice thousand its. Five tree issue reveal save artist crime. Green pick white public school within speech. Arrive different certain current forget expect.,True,False,2024-09-20T04:46:58
5be0064c-d8d6-4f32-afdd-e26775352036,news,,c58251fc-6666-424f-a5a4-2dabe0cc101d,81a84cd0-739d-491a-adfe-f007b518a7d3,American necessary agent well wear.,Nor once use mention. Church if south firm president. Cell memory federal house minute.,True,False,2025-03-16T15:05:01
18306368-7f0e-451b-9e5e-9aee12c579ef,policy,1d153ec5-ae6a-440d-8e13-d8cee24cca5e,e78932bd-c274-4072-a3e1-de893871339f,b2dca591-f47d-4226-b212-f2a0f98bf576,Majority draw military really capital crime meet per.,Safe its organization Congress level. Large list memory capital road dream value. Left expect happy. Standard ball adult play role travel.,False,False,2024-08-25T16:47:58
cf16ddfa-802c-42d9-b63b-fe9bde6ceb81,news,,e14cf4f4-637a-4a21-97e3-04fc0c121118,37d81f42-6820-4481-b72a-6c91f41313f9,Firm yourself bar box writer fine.,Involve set wear page material five. Race executive human teacher remain. Administration themselves though book foot operation current west. Look themselves sound she set newspaper meeting. Fill go wife individual.,False,False,2024-05-02T11:52:16
64319fe1-e019-42e5-b4e5-2b9d2bd58f98,policy,438b7bdd-2547-421b-9975-c809bfaba166,81a84cd0-739d-491a-adfe-f007b518a7d3,7b5d883d-9dad-42bf-bc41-aa69c6c5e0d0,Article do attention.,Join seat budget section step Mrs. Surface partner politics point society watch. Partner check religious just state town. Can run understand drive it. Mind no talk care. Than outside fund movie imagine magazine something.,False,False,2024-08-17T10:56:22
f42d71f7-0942-4adb-9da3-5a0e59269005,policy,6fc549a4-e6ec-49fe-b797-16725742a206,0925bdc3-854d-41b0-8034-972a5320fafe,9db5f6ec-be86-48d8-9148-65a8193e2ca6,Even window better class.,Record whom hair as share huge name. Whether together huge hope ten treatment small trial. Card professional material during include style draw among. Discussion raise look meeting.,True,True,2024-06-23T17:02:03
ce260b47-f73e-4622-ac86-175f9bca8116,news,,7b99cc11-3f72-4479-a4ac-5d5eeb77f173,b2dca591-f47d-4226-b212-f2a0f98bf576,Future old word whom suddenly cut measure.,Front not leave significant behavior attention time. On record build indeed. Growth commercial film thank agent anyone. Job common tell one.,True,False,2024-06-03T15:01:20
c3f482de-6c59-41ca-8fdc-594fc69e1df0,news,,02b38af2-105b-4125-ba41-ded071291553,3e686e2c-b486-4a30-8d2e-fdab42dc4bb5,Growth class owner whom blood standard chance.,Through admit quite rather to law good. Woman political machine own myself. Up evidence word Mr. Plant way of establish safe. Price citizen degree born system seek rate.,False,False,2025-02-15T22:53:22
34018844-ec0d-4910-902c-a12e5721778b,news,,02b38af2-105b-4125-ba41-ded071291553,e14cf4f4-637a-4a21-97e3-04fc0c121118,Left respond poor address accept surface.,Order brother way figure price. Necessary performance thing total kid less himself. Believe herself head air. Political stand big child close. Produce action audience expert north. Wear dream agency character whatever change.,False,True,2024-08-02T21:05:02
fc5e3455-716c-4afc-aa54-ba098afbca81,policy,0ced813c-8e5f-433a-8e3c-63e873fc0b79,8738f39a-f3e9-4373-bd9c-3e5e16fb382b,3e686e2c-b486-4a30-8d2e-fdab42dc4bb5,Even tonight appear out detail control stop.,Bill house upon long nor culture artist. Defense role action participant. Onto age safe heart state.,True,False,2024-08-14T11:00:53
af57815b-6b99-4cdb-a45a-b5357ac924dc,news,,fbe0dc99-25b7-4e37-9989-3b7ea5c9d19f,4006eb05-2125-49f2-a5c5-71c152933c9e,Reach manage stay technology guy student.,National finally personal special north. Skin health party could country produce. Prove not country particular spend. Eye computer identify arrive continue during natural ok. Growth fast structure course cultural.,False,True,2024-08-17T18:58:07
29351578-5e49-4f25-90c9-0ae13a905719,news,,9db5f6ec-be86-48d8-9148-65a8193e2ca6,0925bdc3-854d-41b0-8034-972a5320fafe,Money left out discussion.,Success available stuff. Drop space who face business place. Go training understand food painting.,True,False,2024-05-19T20:52:02
90b75d43-fd7f-4601-b4cb-4c309dda534c,news,,02b38af2-105b-4125-ba41-ded071291553,37d81f42-6820-4481-b72a-6c91f41313f9,Decide economy most particularly act management.,Head relate myself yes. Low yet rich develop. Production single expert because. Car yeah together how result strategy their. Partner view anyone month role. Like price value house happy.,True,False,2024-11-02T19:49:34
b1d17d04-f1cc-436a-904b-0cb1091c602e,news,,7b99cc11-3f72-4479-a4ac-5d5eeb77f173,81a84cd0-739d-491a-adfe-f007b518a7d3,Able physical prepare popular cultural student challenge his.,Purpose whose report bank style key defense. Level ten save rate. Wall edge range control least include hospital either. Future but TV threat live adult tend.,False,False,2025-02-14T12:00:49
74da0b9a-1d75-4cc5-936b-3f8f5b89c0ee,news,,7b99cc11-3f72-4479-a4ac-5d5eeb77f173,e78932bd-c274-4072-a3e1-de893871339f,Quality lot gas.,Place hope change body seven all away. Protect lose know front. Six certainly type foreign political push. Wind so relate perform design hold wait.,True,True,2024-06-23T13:27:59
20a49830-67ba-452b-bab1-42ed9024b280,news,,9db5f6ec-be86-48d8-9148-65a8193e2ca6,e78932bd-c274-4072-a3e1-de893871339f,Onto most very want movie trouble energy.,Someone opportunity else story same. Carry opportunity today social candidate economy. Despite night represent start. Official memory somebody less month as.,True,True,2024-12-18T23:01:37
895b4636-2e11-42c3-9b3b-3daf8730aa5b,policy,db7a0f7e-44df-4593-8f7d-c5b0237b6cd7,b2dca591-f47d-4226-b212-f2a0f98bf576,fbe0dc99-25b7-4e37-9989-3b7ea5c9d19f,Material nation turn war.,Majority three parent affect seat audience. Center catch husband increase not see add. Hospital property natural person movie sport. Full response stuff report nature rest.,True,True,2024-07-18T02:42:57
a5366d7e-f7c2-4c21-b947-1b00687fcd62,policy,4ac5326b-f38c-4fa2-b5c5-ea0c7c44e0c4,4006eb05-2125-49f2-a5c5-71c152933c9e,7b99cc11-3f72-4479-a4ac-5d5eeb77f173,Small enough of local good range.,Oil outside return. Fall brother defense real behind ability white. While receive my series. Speak beyond those meeting. Of especially learn five pattern.,True,True,2025-03-24T05:39:09
f6157bfe-5e44-4525-b665-7e5bed279fab,news,,7b5d883d-9dad-42bf-bc41-aa69c6c5e0d0,3e686e2c-b486-4a30-8d2e-fdab42dc4bb5,From cover improve remember describe.,Actually no even behavior her. Head yet above law. Bed physical compare door. Top three exist wide type. Sit to of several key away. Executive recently this Republican always year past.,True,False,2025-02-25T03:22:28
6f7a5005-3e1a-45cd-8893-fb5d3f02da12,policy,12295475-6ed3-4509-96fd-fc5cfbd53324,7b99cc11-3f72-4479-a4ac-5d5eeb77f173,b2dca591-f47d-4226-b212-f2a0f98bf576,Quality leader cold finish four scientist.,Bank woman nation home. Where trip into house. Instead may case. Institution voice executive tax accept. Rest provide animal agent.,True,True,2024-07-27T07:47:49
6d2648fe-df12-4ca1-9e1a-5e7114d82294,claims,,e14cf4f4-637a-4a21-97e3-04fc0c121118,7b99cc11-3f72-4479-a4ac-5d5eeb77f173,Lot than manage main big.,True really heavy system. One admit ability we stand defense. Direction product affect your century us. Government picture activity follow affect trial success. Article pay program over determine improve somebody ball.,True,False,2025-02-06T09:44:51
99d10d33-e443-4d93-a240-d28f779e3041,news,,37d81f42-6820-4481-b72a-6c91f41313f9,4006eb05-2125-49f2-a5c5-71c152933c9e,Cold have store hospital person goal investment.,Until often him matter. Turn marriage work common week woman only. South lot anyone. Society suggest right keep identify win foreign. Civil coach catch ready smile.,True,False,2024-05-11T04:23:58
9332d8e8-5437-4387-90fc-0ea9b7fd790b,claims,,c58251fc-6666-424f-a5a4-2dabe0cc101d,79099769-8aa6-4eb2-84a4-bacc54910ef2,Three over listen far too Congress state.,City draw manage answer force account low. Pressure manage hundred enough although. Hundred least hope especially Mr. Body reach conference great fine.,False,True,2024-09-09T14:17:44
9fdb04d1-9a84-43d1-aa0d-ebddb8c841f5,claims,,7b99cc11-3f72-4479-a4ac-5d5eeb77f173,9db5f6ec-be86-48d8-9148-65a8193e2ca6,Reduce have east help him movement.,True better everything ready agree agent itself such. Often from right method relationship effect word. Feeling capital but machine share life themselves.,False,True,2024-07-08T09:23:01
7c8c19f9-9e59-492f-9e7a-65df792e224b,claims,,61acefb3-2757-450d-8ce2-80076007a749,e78932bd-c274-4072-a3e1-de893871339f,Fish huge alone.,Style reason still near light baby. Decision bit gas minute section race bad break. Matter chair part hear plan buy run. Bad fall join address.,False,True,2024-09-04T09:25:27
e9e3f00f-2233-459a-ba90-4ba36c005c88,policy,ef8e0249-b9bc-4362-8f59-37bdba2f7234,53fbb47a-b83e-440f-913a-5899ace00edf,61acefb3-2757-450d-8ce2-80076007a749,Other reality fly arrive statement own suggest.,Forward image mind expert. Certain test respond make member head. Future agency ok beyond. Box manager fall attack collection staff. Account few one.,True,True,2025-01-19T12:59:29
0ebb2225-4b91-4e20-991b-d892923fefdb,policy,4c84c00a-091b-41a4-adbc-d18378e7e4bb,8738f39a-f3e9-4373-bd9c-3e5e16fb382b,0925bdc3-854d-41b0-8034-972a5320fafe,Concern shake themselves thousand group adult.,Effort base notice describe fine rich. Need article specific enjoy day outside now. Painting television break agency two affect.,False,True,2024-06-22T00:01:32
a3850538-13f6-4ff3-93cf-2262123c654f,claims,,7b99cc11-3f72-4479-a4ac-5d5eeb77f173,c58251fc-6666-424f-a5a4-2dabe0cc101d,Feeling democratic cup support.,Despite animal affect sometimes sport nearly call. Indeed theory much line every. Table direction on mission material public close. My smile would head what development. Most take region. Decision debate probably produce against listen almost.,True,False,2024-04-27T21:15:14
b2b88f26-93fe-4dd5-8fbc-9de52e4dadd6,news,,3e686e2c-b486-4a30-8d2e-fdab42dc4bb5,0925bdc3-854d-41b0-8034-972a5320fafe,Seek run best machine card.,Road policy building lot have culture. Project tend court without position. Many miss learn put just until for force. Item still kid toward short.,True,False,2025-04-03T13:44:11
4dafa1fb-243b-4781-8050-bfc3665c918f,claims,,61acefb3-2757-450d-8ce2-80076007a749,fbe0dc99-25b7-4e37-9989-3b7ea5c9d19f,System kind then personal if general future.,South bill watch close. Early administration grow political hospital simple. Task inside range open short. Image ball bed. Control participant sell range rule popular. Government must themselves loss want.,True,False,2025-03-11T13:37:43
38792d47-36ac-4753-a93b-cf736ace9dc3,policy,17e86042-02c4-4259-9112-3b257170333f,e78932bd-c274-4072-a3e1-de893871339f,e14cf4f4-637a-4a21-97e3-04fc0c121118,Focus room bar free young movie plan.,Will only clear on boy. Soldier to feeling beat likely rich. Information human tax tell bar seem second.,True,True,2024-09-11T10:02:07
46a766ff-f9f0-49f8-b4c9-20a5d27111a3,news,,02b38af2-105b-4125-ba41-ded071291553,7b99cc11-3f72-4479-a4ac-5d5eeb77f173,Training group mind home buy over.,At customer already place. Care job southern item with away number at. Exist sell indicate. Unit out from front already along number individual.,False,True,2025-03-16T02:33:59
93b5e189-3726-4e9f-ad43-d81201d85009,news,,0925bdc3-854d-41b0-8034-972a5320fafe,c58251fc-6666-424f-a5a4-2dabe0cc101d,Writer build couple cell dream computer herself.,Life also whose my. Leader Mrs later organization however. Try me generation tax give church close.,True,False,2024-10-27T13:46:57
1375ac02-c312-4602-86c5-beac71405390,news,,79099769-8aa6-4eb2-84a4-bacc54910ef2,7b99cc11-3f72-4479-a4ac-5d5eeb77f173,Upon peace light director.,Fine Congress who mean ball. Value nation indeed age almost realize person page. Smile available serve dog huge. Population high public save. Area possible member difficult general staff another.,False,False,2024-05-19T04:27:39
6299ce78-0838-447d-99ac-50911c7b7ff3,claims,,53fbb47a-b83e-440f-913a-5899ace00edf,fbe0dc99-25b7-4e37-9989-3b7ea5c9d19f,Federal impact ever single himself carry.,Send ball contain. Process should wide least. Result wear model threat. Behavior man wide expert heavy best be.,False,False,2025-02-19T08:46:56
0733f76a-ae62-4247-93f2-754d05b0f110,news,,81a84cd0-739d-491a-adfe-f007b518a7d3,37d81f42-6820-4481-b72a-6c91f41313f9,Fill whom decision evidence.,Explain we win room themselves. Amount might song myself open risk. Subject point so style rate so enough.,True,False,2024-07-06T12:36:59
046e3983-ad7b-48d2-8bcd-f791b7a0bc5e,policy,b6d9e38b-2d96-4b3e-9803-e053f4b4ff0b,7b5d883d-9dad-42bf-bc41-aa69c6c5e0d0,b2dca591-f47d-4226-b212-f2a0f98bf576,Simple also line day.,Example hundred we box mission. Voice ground industry at product admit. Them trial meet identify executive example front national. Daughter firm meet three.,True,True,2024-04-13T03:16:37
ad150cab-957e-445e-ad79-eb37e2cb092d,news,,3e686e2c-b486-4a30-8d2e-fdab42dc4bb5,c58251fc-6666-424f-a5a4-2dabe0cc101d,Red hard you talk work painting girl.,Mind ok time onto respond majority art suggest. Whose evening method. Series tax develop executive player image world heavy. Appear gas final protect rich them. Technology law mean fish realize let sometimes fund. Down fall activity break.,False,False,2024-08-02T01:15:37
f51a9ffb-9ff9-42df-b0a6-516875e5c8e5,news,,53fbb47a-b83e-440f-913a-5899ace00edf,8738f39a-f3e9-4373-bd9c-3e5e16fb382b,Environment six near never.,Every born news worker approach rate friend. Three area even human a our. Yard view job south. Court still third after nature. Old man me.,True,False,2024-11-28T21:36:08
1c58ed0a-a81d-46e4-86c3-bafc2fc1ea8a,claims,,c58251fc-6666-424f-a5a4-2dabe0cc101d,82c06f86-7edd-4358-946b-d4d271c4fba3,Type person our argue similar learn find.,Focus bill matter board none type if. Owner six coach save. Ahead boy million account. Difference dinner black actually prevent test environmental.,False,False,2024-06-27T11:42:45
d9bda8b3-7cb7-4016-b719-8ffa1f4c9bbb,claims,,c58251fc-6666-424f-a5a4-2dabe0cc101d,4006eb05-2125-49f2-a5c5-71c152933c9e,Officer work respond age state.,Choose under certainly society. Mrs morning issue while site employee. Air follow moment foot. Successful result eye trip suffer. Concern for suffer piece.,True,True,2024-05-14T21:00:39
8d933077-12ea-405a-a9f7-b0822699c619,policy,b4ef9c09-0d21-4188-b0a7-e656dab44c20,fbe0dc99-25b7-4e37-9989-3b7ea5c9d19f,9db5f6ec-be86-48d8-9148-65a8193e2ca6,Ten child case weight set visit care.,Against top and education feeling trade. Product physical mean he while house. Last sing later sell safe. Church board American.,False,True,2024-08-08T09:51:25
facdea83-37ca-42b5-bb97-7574be14dbfb,news,,c58251fc-6666-424f-a5a4-2dabe0cc101d,81a84cd0-739d-491a-adfe-f007b518a7d3,Great side involve inside.,Young hit class only offer. Teacher individual third wonder meet art. Home board here together black like. Affect bad relate late just wife. Check like including week fight without.,False,True,2024-08-29T22:42:19
59fd9f5a-2861-4f7f-879d-169f48c123d6,news,,e14cf4f4-637a-4a21-97e3-04fc0c121118,9db5f6ec-be86-48d8-9148-65a8193e2ca6,After civil black short.,Allow color method exactly want the which. Think side name. Party truth lead star ball. Billion seek step peace. Pull operation possible yeah.,False,True,2024-06-07T18:45:26
15e46ecd-a434-4fb7-a9eb-1159d717d60c,policy,06b81cf9-5fd5-4463-a46c-c04c1d67490f,9db5f6ec-be86-48d8-9148-65a8193e2ca6,02b38af2-105b-4125-ba41-ded071291553,Candidate western economy develop animal item.,Such great red piece along body than. Arm degree teach he religious girl operation. Eight need attack moment. Trip development key increase stage thank who each.,True,False,2024-05-25T20:36:32
de8716bc-5201-461c-8782-4dd062e59985,claims,,fbe0dc99-25b7-4e37-9989-3b7ea5c9d19f,7b5d883d-9dad-42bf-bc41-aa69c6c5e0d0,Up boy across know customer new all.,Space threat hand technology money finally such. Tax century interview compare. Technology indicate form edge decade hand behavior. Reveal under there billion four land.,False,False,2025-01-15T20:17:16
9a7f8ab4-da0b-452e-85f6-dc80f640c5a4,policy,52e5fca0-83ca-4ab0-8c00-e68af14e4521,e78932bd-c274-4072-a3e1-de893871339f,53fbb47a-b83e-440f-913a-5899ace00edf,Candidate skin after let watch fall experience.,Become social full. Bed article hot take daughter. Local physical under someone memory. Street dark theory heavy six turn peace. Industry sea voice dinner boy strategy pay early.,False,True,2024-07-08T22:38:51
96f4b726-9f14-4b44-9891-0fd93a75de85,news,,8101d07b-b050-48f4-ad94-7811026503ac,8738f39a-f3e9-4373-bd9c-3e5e16fb382b,Someone kitchen relationship age piece again loss.,Kid education subject example play lawyer still. Market help already indeed usually week me. Develop participant later pattern television seat at dark.,False,False,2024-06-16T09:23:43
defa7186-f0e8-4f7c-ae2c-4c5ac07e0cea,policy,a3cf9ff5-e532-4d3b-8b89-2e86d177ae05,fbe0dc99-25b7-4e37-9989-3b7ea5c9d19f,82c06f86-7edd-4358-946b-d4d271c4fba3,Even president just seek Democrat image.,Mother walk upon ability college story. Nice heart commercial born. Half step stay news work. Price six build these behavior. Alone allow any indicate training whatever.,True,True,2024-07-29T05:30:51
635034d8-9aee-476f-bb88-8ea75a24bf34,policy,e59143a5-654d-468c-af52-7b822d53fe01,53fbb47a-b83e-440f-913a-5899ace00edf,9db5f6ec-be86-48d8-9148-65a8193e2ca6,Response stage threat pretty region community beyond.,Economic pretty take might guess. Particularly pay mouth learn cost others father. Amount increase hour ok need wrong. Former sure store current crime.,False,False,2025-01-27T23:41:54
e739a1a8-aa30-4eb7-b482-f91c99b41581,claims,,7b5d883d-9dad-42bf-bc41-aa69c6c5e0d0,b2dca591-f47d-4226-b212-f2a0f98bf576,Myself look they.,Coach such could prevent national fill. Line American whole material. Step myself artist anything. Must half of himself. Whether choice art style religious. Plan pretty develop each girl read half attack.,False,True,2025-01-23T11:36:41
3271bc75-d804-477f-bd68-96d7489f1cbb,news,,0925bdc3-854d-41b0-8034-972a5320fafe,4006eb05-2125-49f2-a5c5-71c152933c9e,Brother popular the certainly college.,Door administration into. Water property ready certainly. On song evening idea.,True,False,2024-07-25T17:15:41
f8f5d2b9-c3ef-4e29-ab1d-0a40c79aed99,news,,8101d07b-b050-48f4-ad94-7811026503ac,e78932bd-c274-4072-a3e1-de893871339f,Mission born daughter man nearly.,Pick consider subject what every accept run. Important item six white reveal. If collection not civil. Life company deal degree girl box.,True,False,2024-06-11T01:08:25
4ff916da-45b7-4b1a-82eb-6aa717c8f9d5,news,,7b5d883d-9dad-42bf-bc41-aa69c6c5e0d0,02b38af2-105b-4125-ba41-ded071291553,Environmental once send point visit threat.,Major mind concern. Compare team product probably. Able owner operation option cultural social.,False,False,2024-05-22T07:00:18
47735040-2aa2-402c-b7bc-ea9781802256,news,,c58251fc-6666-424f-a5a4-2dabe0cc101d,e14cf4f4-637a-4a21-97e3-04fc0c121118,Politics firm technology care do.,Million again might their why case. Half day so election. West structure relationship establish goal bill. With others pay watch. Responsibility wait force former. Former out end author.,True,False,2024-10-25T16:39:16
585e165a-3ed1-44cd-829f-2a3b3006e594,claims,,8738f39a-f3e9-4373-bd9c-3e5e16fb382b,8101d07b-b050-48f4-ad94-7811026503ac,Less present effect keep.,Side condition significant then. Phone clearly idea recognize fire mean simple. Later law cup prepare.,True,False,2024-11-07T11:43:39
fb08deb5-e6e6-4f89-a463-0f28c8639a9e,policy,47d4bcef-6665-4d52-b73c-f86b1d1974e4,53fbb47a-b83e-440f-913a-5899ace00edf,79099769-8aa6-4eb2-84a4-bacc54910ef2,Live environment news indicate behind notice.,Political focus indeed or discover. Husband remember wear question help process child. My research set.,False,True,2024-12-17T00:38:59
a59f0240-22f5-4012-92e8-1efd8402af2a,claims,,9db5f6ec-be86-48d8-9148-65a8193e2ca6,3e686e2c-b486-4a30-8d2e-fdab42dc4bb5,Thank middle her whole away enjoy.,Arrive no wind involve push trouble. Media radio contain billion keep bit behind. Customer without do movement away so white. Pressure phone act state ground.,False,False,2024-11-27T20:01:02
dfde48f9-458f-476d-8852-467903be8610,policy,c4582262-828a-445c-ab66-0502669e786d,7b99cc11-3f72-4479-a4ac-5d5eeb77f173,9db5f6ec-be86-48d8-9148-65a8193e2ca6,Who audience growth sell reflect.,Professional choice sister common poor leader. Or per success onto of. Husband pattern I voice expert person few. Interesting recognize term as according have. Subject just that even speak seem maybe. Recently loss will glass team.,True,False,2024-06-24T23:54:10
b122a46d-a933-49a5-9b56-c9e9065cde42,claims,,7b99cc11-3f72-4479-a4ac-5d5eeb77f173,b2dca591-f47d-4226-b212-f2a0f98bf576,Late magazine vote hour after sign.,Model bill usually them sister Mr bar. Her smile ahead protect cause answer section. Trouble all Congress yet before fight.,False,False,2024-04-08T16:01:09
d83cbba2-00c1-4422-b309-cc4710896fee,claims,,0925bdc3-854d-41b0-8034-972a5320fafe,02b38af2-105b-4125-ba41-ded071291553,Must effect service seat health that radio public.,Card stage capital area type. Understand time Democrat hard. Pull agree involve prevent. Tax difficult social stop quickly run play campaign.,True,True,2024-04-19T02:19:53
982c907a-389a-4910-9c15-c69d2c90b6e2,news,,81a84cd0-739d-491a-adfe-f007b518a7d3,fbe0dc99-25b7-4e37-9989-3b7ea5c9d19f,Soldier note mention form.,Movie reality feeling. Two husband someone any purpose various same indeed. Include family now.,True,False,2024-11-20T00:10:15
1588706c-522c-48fb-beba-200da12c7b50,policy,c80fecf1-07a5-4ada-ac6b-49b31ac22b42,c58251fc-6666-424f-a5a4-2dabe0cc101d,53fbb47a-b83e-440f-913a-5899ace00edf,Company write almost.,Country expert wife market consider. Air soon man suffer news plant. Speak individual reduce born answer.,False,False,2024-12-27T14:29:29
91c65ac3-4edd-4155-9e15-04dcf547f5eb,claims,,b2dca591-f47d-4226-b212-f2a0f98bf576,4006eb05-2125-49f2-a5c5-71c152933c9e,Nature sign item outside.,Speech lot memory hotel treat. Leg the record. Child worker when recognize develop Congress buy. Even act class interview line perhaps establish.,False,True,2025-03-06T18:44:46
2e256f96-141a-47ac-8fa3-ae71e15c4bd3,news,,c58251fc-6666-424f-a5a4-2dabe0cc101d,fbe0dc99-25b7-4e37-9989-3b7ea5c9d19f,Nation course clearly half others process.,Along no audience enter. Particular environment no civil listen. Owner couple trip.,False,False,2025-01-26T09:13:26
78193de6-0873-43e5-a24f-9558981c8873,policy,a1ff3ae6-cacb-4eaa-ba2a-612aeb46aa67,8101d07b-b050-48f4-ad94-7811026503ac,81a84cd0-739d-491a-adfe-f007b518a7d3,Quite speech though actually city.,Stock small network without. Current determine local page control program. Behavior land officer education walk like common. Value civil single let blood successful do.,True,True,2024-09-09T12:48:22
469a4063-c8f0-4599-b231-9ac3ae6a43af,claims,,53fbb47a-b83e-440f-913a-5899ace00edf,7b99cc11-3f72-4479-a4ac-5d5eeb77f173,Tend others discuss successful.,West theory east require strategy real employee. Force give ten picture. Dream item as few. Concern history share child to.,False,True,2025-01-14T01:49:31
b74a9fb8-f2ad-4318-b351-846ca8fbf1c5,news,,53fbb47a-b83e-440f-913a-5899ace00edf,3e686e2c-b486-4a30-8d2e-fdab42dc4bb5,Them leader cost together conference capital situation.,Father how red budget. Stand ago instead reduce somebody hundred explain. Conference performance safe meet every.,True,True,2024-04-30T12:20:06
9e9f54c3-e090-431f-bb91-d915db3aeef9,policy,59191092-e6b4-4af0-8867-0af88ee25d85,82c06f86-7edd-4358-946b-d4d271c4fba3,02b38af2-105b-4125-ba41-ded071291553,Suddenly how adult avoid purpose any.,Experience red thank turn. Movie sit probably face dinner remember then big. Cut learn enough exactly politics least fly. Scientist class identify lose can of person. Even guy after own culture. Energy trip staff too doctor grow.,True,False,2025-03-08T02:42:32
02b7af83-9957-440b-b70c-4c44071cb438,news,,3e686e2c-b486-4a30-8d2e-fdab42dc4bb5,8101d07b-b050-48f4-ad94-7811026503ac,Glass feeling put address area myself cover away.,Executive serve first very make one. Wide own theory side. Machine power decide suggest camera clear. Care really somebody change way cut.,False,True,2025-01-13T14:00:43
f1d67010-bd6a-4a3f-8088-acdd31311c31,news,,61acefb3-2757-450d-8ce2-80076007a749,4006eb05-2125-49f2-a5c5-71c152933c9e,Sound give difference.,Which particular seven beyond change air debate. Still stay better operation. Unit scene manager.,True,False,2024-11-18T17:11:09
49acc95d-c932-4b96-a6a8-8ad5a801b572,policy,6b060627-d086-4f90-bfb8-9adf2f4d3a21,37d81f42-6820-4481-b72a-6c91f41313f9,53fbb47a-b83e-440f-913a-5899ace00edf,Sell indeed education community he method.,Have main time fill mention mission. None war organization decision. Several wish most. Various stop whose picture talk. Result avoid story book investment. Class hair concern effect number successful imagine.,True,True,2024-12-31T07:42:07
402f698b-bc9e-41d3-9121-d9533d424e40,policy,eebdc3bf-0f19-4131-9333-cc66de2f6b73,8738f39a-f3e9-4373-bd9c-3e5e16fb382b,37d81f42-6820-4481-b72a-6c91f41313f9,You none always him.,News explain paper official direction indicate free. Determine even computer against evidence account know. So control little forward card. Recent born impact high. Although order clearly no meet computer.,False,False,2025-02-07T14:37:18
d0cd71ca-b22c-4561-9d80-99a10ee4eb8b,policy,ab71d913-0632-4e87-afb7-f33a251afe0d,53fbb47a-b83e-440f-913a-5899ace00edf,79099769-8aa6-4eb2-84a4-bacc54910ef2,Sure woman compare.,Full even cause common. Deal right enter my key. Environmental both summer lay fast. Sister someone employee sometimes summer information. Seat attorney soldier also those economy.,True,True,2024-12-07T16:27:35
a223a3f9-307a-449a-a1f1-d9951aeb42fb,policy,23e86237-f856-448a-82e3-4f427fdae53d,9db5f6ec-be86-48d8-9148-65a8193e2ca6,4006eb05-2125-49f2-a5c5-71c152933c9e,Standard store large by culture talk usually.,Set represent he school. Energy away maintain eat sort. Ground whole single school. Country great day simple crime vote.,True,False,2024-08-30T22:59:54
ce310a7b-6244-427f-a543-182b2442f423,news,,79099769-8aa6-4eb2-84a4-bacc54910ef2,02b38af2-105b-4125-ba41-ded071291553,Operation movement product wife visit.,Company according add seek situation. Mention mother fast take not response enough art. Adult street body. Floor impact behavior defense. Citizen better end enough.,True,False,2025-02-26T07:47:40
323106f5-6122-40e8-a381-16736dd9efcb,policy,d8852e32-5646-45a8-b830-718d53ac10bf,b2dca591-f47d-4226-b212-f2a0f98bf576,79099769-8aa6-4eb2-84a4-bacc54910ef2,Rock government experience at.,List mission operation policy accept else answer. Ago run daughter especially season chair else. Try day meeting watch.,True,True,2024-12-09T08:24:26
21da4715-e688-41f8-a391-a70d7c4088bf,policy,07b0aa64-b54e-4b1c-8e5b-05037002e16b,e14cf4f4-637a-4a21-97e3-04fc0c121118,7b5d883d-9dad-42bf-bc41-aa69c6c5e0d0,Source book behavior since force ball price operation.,Thus through scene half. Third this company eight. Note forward others. Brother feel only important word behavior majority town. Create heavy nation special list he. Whole billion test practice single.,True,False,2024-12-17T19:30:51
abfe8a28-1541-4470-b985-03116e58b045,policy,4f937149-101b-4135-89af-f8fd675f1815,c58251fc-6666-424f-a5a4-2dabe0cc101d,53fbb47a-b83e-440f-913a-5899ace00edf,Face parent face site.,Bar there room. Stock mouth high country just table several. Rate effect approach home. Culture best year she central clearly.,True,True,2025-02-11T18:21:41
3588ca54-36ff-4d48-8185-216bd6662945,news,,81a84cd0-739d-491a-adfe-f007b518a7d3,fbe0dc99-25b7-4e37-9989-3b7ea5c9d19f,Hear media develop tend matter.,Dream establish Congress effect all inside issue. Mind well go green data election black part. Machine challenge line ready. Local full develop practice poor happy seat. Point east sense finish former science recently speak. Figure trade wife people.,True,True,2025-03-07T03:40:24
2c9079e8-1735-4c7c-a35a-a4e3425544d6,news,,4006eb05-2125-49f2-a5c5-71c152933c9e,e78932bd-c274-4072-a3e1-de893871339f,According end mother before early describe main identify.,Newspaper unit step view add design pretty. Current quality series draw hot professor charge. Fight them large offer product key. Investment available hundred class quickly. Economy other party.,False,True,2025-01-20T08:52:35
3d9c9389-2fc1-4e26-bc61-367b4cfabcbc,policy,e9345448-07ff-4375-bc86-fc4dd8d07eaa,0925bdc3-854d-41b0-8034-972a5320fafe,81a84cd0-739d-491a-adfe-f007b518a7d3,Final mouth popular affect.,Identify past force performance whom although red really. They bit identify use. Month sing fall only professional scene. Join evening class bring position decide grow speech.,True,False,2024-06-19T01:58:16
4355ccb5-402b-493f-a380-2a39663f4cb7,claims,,3e686e2c-b486-4a30-8d2e-fdab42dc4bb5,b2dca591-f47d-4226-b212-f2a0f98bf576,Effect training memory argue kitchen.,Newspaper election gas day employee matter ready. Change public drive by much try thought. Foreign state time project we focus wind. Series wind week win could.,False,False,2024-05-07T06:08:20
882d1129-01c6-4639-8d8a-59b108925b84,policy,c73a05a9-4b91-4bb6-9c9f-09e2e0128936,b2dca591-f47d-4226-b212-f2a0f98bf576,fbe0dc99-25b7-4e37-9989-3b7ea5c9d19f,State article tonight condition real success main.,Interview save evidence including citizen. Doctor choice attorney process southern head parent. Game Congress spring glass political property thank herself. Guess similar might system relate thought. Wrong pay cause seat.,False,False,2025-02-03T19:21:55
a3588e87-7173-43bc-ab58-bab01aeb326c,news,,7b99cc11-3f72-4479-a4ac-5d5eeb77f173,e14cf4f4-637a-4a21-97e3-04fc0c121118,Nation officer son through state.,Something window himself crime language doctor involve. Consider open why plan. Suddenly leader national people more market politics.,True,True,2024-09-07T03:23:21
6e638f77-df24-46c3-a68f-5718ff45a551,news,,b2dca591-f47d-4226-b212-f2a0f98bf576,8738f39a-f3e9-4373-bd9c-3e5e16fb382b,Close leave hospital usually maintain want bad.,Technology relationship himself picture beat baby hotel. Not dark choice answer. Owner force home enjoy sign. Also reality bar shoulder American claim concern wonder. Rise finally certainly again.,True,True,2024-06-20T17:21:08
3baac301-d96b-442d-a781-498a4225a5d0,claims,,8738f39a-f3e9-4373-bd9c-3e5e16fb382b,e78932bd-c274-4072-a3e1-de893871339f,Bank wrong test experience wish president.,Return leader rather tax direction rich oil. City order action same board. Girl way standard. Look have want camera.,True,True,2024-07-27T08:20:40
681e0846-8696-492f-b9fe-17f1aef34caa,claims,,7b5d883d-9dad-42bf-bc41-aa69c6c5e0d0,8738f39a-f3e9-4373-bd9c-3e5e16fb382b,Answer minute father pressure model let for.,Can worry own anything radio. Third him total course support. Tonight this trial last.,False,True,2025-03-17T05:57:58
59c3c18f-1ae7-4c68-aa4a-a3260a2975c0,claims,,c58251fc-6666-424f-a5a4-2dabe0cc101d,81a84cd0-739d-491a-adfe-f007b518a7d3,It nice city spring marriage total.,Small into four seek writer difference almost. Arrive will meeting. Ground rest free physical executive clearly wide. Property use hair answer positive student. Exist that nice quality over.,False,True,2024-05-20T21:09:15
b0c3d3a7-cb91-43c6-a596-81ebe5921217,claims,,53fbb47a-b83e-440f-913a-5899ace00edf,02b38af2-105b-4125-ba41-ded071291553,Note business that doctor network trouble future season.,Among he model late beyond yes. Itself stock how pick another. Sister push thousand foreign play present give. Grow them produce guess player safe well.,True,True,2024-06-19T16:24:03
fce024f6-8c3f-42c3-a9f4-f4c007083624,news,,8101d07b-b050-48f4-ad94-7811026503ac,7b99cc11-3f72-4479-a4ac-5d5eeb77f173,Unit response to many.,Into air on together you. Year majority rock identify seven. Main include artist brother kitchen local. Important him can memory he wife when detail.,False,True,2024-05-23T19:41:14
78ef8c05-58e2-4a30-8ce1-6156feec7ac4,news,,81a84cd0-739d-491a-adfe-f007b518a7d3,7b99cc11-3f72-4479-a4ac-5d5eeb77f173,About magazine me bed throughout red.,Citizen really big land pull individual provide answer. Great along others later finally. Garden by shoulder watch see rule bar.,True,True,2024-06-10T22:25:56
6efb8245-391a-4da3-a9a0-992bdd51193a,claims,,fbe0dc99-25b7-4e37-9989-3b7ea5c9d19f,3e686e2c-b486-4a30-8d2e-fdab42dc4bb5,Attorney cup beautiful no have floor order.,Between many social tree any so more. Security brother subject beyond. Imagine seven writer edge training body care. Range recent real deal father full near. Color drug western up.,False,True,2024-10-03T19:27:59
ee47b542-ca15-4dfe-ad92-c4b3fb4bcb3c,news,,8738f39a-f3e9-4373-bd9c-3e5e16fb382b,0925bdc3-854d-41b0-8034-972a5320fafe,Word her politics growth outside mention.,Check research soldier really set notice structure. Test organization leave across. Land television natural need. Certainly discussion speech policy type.,True,True,2024-05-28T04:06:46
b3eac5f9-27b6-40c3-a7ec-e7faa86c369d,news,,8101d07b-b050-48f4-ad94-7811026503ac,3e686e2c-b486-4a30-8d2e-fdab42dc4bb5,Conference let force say move free hold girl.,Born plant mission before. Include seven son drive lawyer indicate answer. Be their west. Two pretty floor arrive. Minute family standard.,False,False,2024-10-17T09:39:58
ec3d54bf-4d63-47de-99d9-fddc1753e95f,policy,06b3d809-29a3-4595-81bd-3917fcc071e5,81a84cd0-739d-491a-adfe-f007b518a7d3,7b99cc11-3f72-4479-a4ac-5d5eeb77f173,Arm officer central world great.,White spend themselves the defense. Tv factor free appear effort start network. Step experience serious.,False,True,2024-10-31T09:37:48
f0bdc6a3-7a13-4722-ac1a-e01a673b8d3c,claims,,e78932bd-c274-4072-a3e1-de893871339f,9db5f6ec-be86-48d8-9148-65a8193e2ca6,Word person or member.,Grow four about pick. Require push want week prove age prepare. Thank provide role.,True,False,2024-09-12T17:57:52
e9ec7e06-bd11-44ff-8e16-a4312e4600d5,claims,,e78932bd-c274-4072-a3e1-de893871339f,61acefb3-2757-450d-8ce2-80076007a749,Lawyer which fine line.,Wait open purpose director question. Manage hope send discuss cultural never. Lead across beautiful wide government strong today. Administration since range hope land. Agency option situation region type course growth.,False,True,2024-05-21T18:26:24
878efb75-cfee-4014-8284-0b7d3483a26a,news,,0925bdc3-854d-41b0-8034-972a5320fafe,79099769-8aa6-4eb2-84a4-bacc54910ef2,Last also not half fly total.,Bill explain include age eight individual. Trial feeling story. Meet beat drive focus top. Represent recent because near. Computer with skill recent minute market ask. Go large spend they body.,False,True,2024-12-16T01:01:44
40de5e8f-4f59-44cc-a043-656daac80c10,news,,81a84cd0-739d-491a-adfe-f007b518a7d3,4006eb05-2125-49f2-a5c5-71c152933c9e,Job prove more another.,Recognize only difference live direction enjoy probably car. History human these light man around arm everyone. Able ability reach company. Down benefit one your entire him. Officer wall account many character.,False,True,2024-04-21T04:05:09
a21ebeb3-1073-4804-aa04-bcc11623817b,claims,,0925bdc3-854d-41b0-8034-972a5320fafe,02b38af2-105b-4125-ba41-ded071291553,Central thank animal me.,Worker start school night which. Child central add. Kitchen plant design job claim after think. Population produce focus this. Remain value ok worry bag morning build. Likely understand degree role.,True,False,2024-09-22T16:41:04
83f2fd8f-36b1-4e38-b561-dbdbb90b3df3,news,,fbe0dc99-25b7-4e37-9989-3b7ea5c9d19f,8738f39a-f3e9-4373-bd9c-3e5e16fb382b,Care friend child all turn hotel.,Rich somebody necessary over take. House provide positive health know well. Area most different pull. Lose establish consider subject since. Exist choice year break drop. Put newspaper front itself.,False,False,2024-04-25T00:43:51
189de750-7e73-4cf9-a9ca-848fd9b08d21,policy,a427159d-19f3-4277-9855-64450b839ac1,e14cf4f4-637a-4a21-97e3-04fc0c121118,37d81f42-6820-4481-b72a-6c91f41313f9,Tough various strong authority.,Keep sing manage my executive fish maintain. Per lead figure discussion. Job nearly process work. Information actually reality experience practice. What ability threat couple professor.,True,True,2024-11-30T21:31:20
c4429a41-32db-4036-8cc7-fb9007087878,policy,1f2f6990-a99b-426f-9146-620a06ce050f,8738f39a-f3e9-4373-bd9c-3e5e16fb382b,61acefb3-2757-450d-8ce2-80076007a749,Matter hear current fall without no recognize.,Bag report whom popular between something training. Concern result need score control. Voice town even child some me. Necessary find bit think type impact.,False,False,2024-05-04T19:07:27
545331cc-e49d-41c4-8f8a-f1e2cc0278dc,claims,,8101d07b-b050-48f4-ad94-7811026503ac,81a84cd0-739d-491a-adfe-f007b518a7d3,Need make expert.,Daughter clear talk yet. Catch family Mr partner room power. Fall even it important some spring. Eye popular Mrs return rise senior opportunity home. Get single myself sort.,False,False,2024-12-13T06:52:23
d7c2fb34-216d-4843-84bc-49ef62a0b8be,news,,c58251fc-6666-424f-a5a4-2dabe0cc101d,e14cf4f4-637a-4a21-97e3-04fc0c121118,Late leg quality present.,Actually moment forward age mother daughter law. Leader no remember every fact nor protect key. Yet I population red key point than country. Could campaign site college section safe she.,False,False,2024-07-24T03:49:24
ee26f155-6adf-4d98-8650-213c88a4eaab,policy,c91818c2-740c-4933-a04c-ab922eec1c53,79099769-8aa6-4eb2-84a4-bacc54910ef2,e14cf4f4-637a-4a21-97e3-04fc0c121118,Watch example time around quickly.,Character skill safe several account cultural join. Billion remember challenge administration different sometimes whether. Worry throughout across lawyer effect though various board. Of yourself financial company. Fear player she radio fine too quickly society.,True,True,2025-04-01T22:36:50
6441fe51-86fa-4746-a553-f435e57c4304,claims,,8738f39a-f3e9-4373-bd9c-3e5e16fb382b,53fbb47a-b83e-440f-913a-5899ace00edf,Performance stop question vote road.,Best newspaper else exist accept generation. Rule beautiful improve between two. Civil together concern enter realize whom day clearly. Able surface information paper area. Computer deep consumer scene. Good agree attack health.,False,False,2024-06-25T16:24:07
3dbac50f-cbc4-4bd3-a79c-ad9909d8c28d,claims,,81a84cd0-739d-491a-adfe-f007b518a7d3,37d81f42-6820-4481-b72a-6c91f41313f9,Scene himself character material lawyer human cell special.,Court international member financial nothing. Require clearly kitchen. Respond commercial chance with. Deal station southern able employee million clearly.,False,True,2024-07-31T19:02:46
90443f64-67f5-45f6-9d41-ca411e720ea6,news,,7b5d883d-9dad-42bf-bc41-aa69c6c5e0d0,e78932bd-c274-4072-a3e1-de893871339f,Who together treatment build.,Control surface save have. South people common maintain. Color often message bank fund. Security six special fill. Mission understand early white thing. The true commercial hold charge surface magazine.,False,True,2024-07-24T11:06:44
3c0894ac-2f77-49d7-a152-632095146690,news,,79099769-8aa6-4eb2-84a4-bacc54910ef2,8738f39a-f3e9-4373-bd9c-3e5e16fb382b,You line issue somebody standard store.,Hand mission page sport again. Gun Democrat professional question here a. Loss accept lawyer wrong decide adult tonight. Fall kind benefit detail president.,False,False,2025-03-08T01:21:05
ee719fac-6502-462f-93d7-ea1ab2509f5d,claims,,53fbb47a-b83e-440f-913a-5899ace00edf,02b38af2-105b-4125-ba41-ded071291553,Happy learn whatever staff can identify.,Young two art boy. Employee big oil way. Whatever animal plant certainly. Case all effort available sign manage eight follow.,True,True,2024-04-20T11:43:47
31ae0997-30c7-4761-a278-cf66a1027c77,policy,049004cb-f764-4176-8033-c8f06d106365,53fbb47a-b83e-440f-913a-5899ace00edf,e78932bd-c274-4072-a3e1-de893871339f,Cover parent service.,Safe admit before choice recent. Congress leave week individual ability pattern to. If design study imagine also body play. Bring action approach share perform baby. Firm should success southern need these. Chance audience pull dark paper stuff worry read.,False,True,2024-08-08T21:24:49
6fccb20d-8604-4e92-b515-cb03a0e2094c,policy,1528daf3-666c-4dde-be63-6a6bb244aa60,e14cf4f4-637a-4a21-97e3-04fc0c121118,0925bdc3-854d-41b0-8034-972a5320fafe,Evening figure can item return.,Amount form type figure. History herself bar security. Director whether statement federal a.,True,False,2024-09-06T04:46:42
572dee9c-9cda-444d-bda8-2dee21148af2,claims,,c58251fc-6666-424f-a5a4-2dabe0cc101d,4006eb05-2125-49f2-a5c5-71c152933c9e,Item seven buy surface partner list sort.,Student reason chance other news nation east work. Success though home consider tough guy image. Suddenly important report spend see specific edge. Shake cause military. Just evening bank light design cold. International rather region available they choice owner.,False,True,2024-05-31T14:16:54
22b8a46c-e63d-4973-acab-84080e7c954f,policy,7c884c3e-d323-48c1-b48b-0738238fa8c9,61acefb3-2757-450d-8ce2-80076007a749,8101d07b-b050-48f4-ad94-7811026503ac,Somebody instead light film exist.,Include very arm bring thank level defense. Money lot trouble staff yourself. Enjoy environmental begin ability task. Hit so notice ball who. Best hospital need. Nothing plant enter fish source.,True,False,2025-03-01T13:56:48
fa82cd44-f6f9-4e1c-9f2d-6d43159f981e,policy,e5c04d34-6e02-4de2-9be0-5cf23447e44f,81a84cd0-739d-491a-adfe-f007b518a7d3,7b5d883d-9dad-42bf-bc41-aa69c6c5e0d0,Enough offer focus doctor enjoy almost activity.,Guy management generation night produce wall enough. Week home majority. Full seem source them production pay out like.,False,True,2024-11-15T13:43:38
01d55974-8830-4f19-b31b-6e0183b134c3,news,,53fbb47a-b83e-440f-913a-5899ace00edf,7b99cc11-3f72-4479-a4ac-5d5eeb77f173,Middle if opportunity ground manage break onto happy.,Perform strong report decade. Southern value after cup. Game system water perhaps model. Although same eye peace.,False,True,2024-12-26T14:18:36
ffbc3f61-f63c-4a19-9d20-3b917453093a,claims,,b2dca591-f47d-4226-b212-f2a0f98bf576,02b38af2-105b-4125-ba41-ded071291553,Have bill back seem anything.,Attorney interest voice anything cover form kid. Provide from worry song process. Thousand education artist. Pm onto fine customer really call.,False,False,2024-11-06T10:13:02
e2aaa4cc-9ab4-44a7-9045-f65cb860ba3c,news,,7b5d883d-9dad-42bf-bc41-aa69c6c5e0d0,79099769-8aa6-4eb2-84a4-bacc54910ef2,Not picture explain clearly seat ahead light radio.,Soon avoid state finally window cultural although. Public serve old. Professor the idea chance.,False,False,2024-07-29T17:11:16
e539743a-1fce-455a-81fc-5db3f5f03e28,policy,4be8158b-8d06-49c9-a309-343d2a06c145,e14cf4f4-637a-4a21-97e3-04fc0c121118,79099769-8aa6-4eb2-84a4-bacc54910ef2,Explain forget few far investment.,Mr available on language. Culture he foreign usually senior. Hit year order entire nation. Expect much family movement.,False,True,2024-11-15T11:30:12
9898b511-62fe-4e68-a9f5-deea1ffcbac2,policy,94a33356-57bd-4ad8-aee1-6cb307fb7166,fbe0dc99-25b7-4e37-9989-3b7ea5c9d19f,61acefb3-2757-450d-8ce2-80076007a749,Information of without upon address raise.,Major reduce fill follow deep. Significant onto college major employee enough. Compare mission laugh should decision Democrat. Agency phone protect debate rock. Others care feel play consumer boy.,True,True,2024-08-01T09:46:21
8ee14ec2-7f89-4bbd-ba47-641e7a3209d4,policy,e6787a15-eecf-4d02-9ded-201a037505f5,81a84cd0-739d-491a-adfe-f007b518a7d3,82c06f86-7edd-4358-946b-d4d271c4fba3,Billion high arrive church difficult hope everything.,Generation other mind. Check production both result cell short attorney. Herself day trial matter there. Eat eight act ball try agent look. Nice he contain morning bad art. Price thought room there.,False,True,2024-10-18T06:50:03
9879cf98-c924-40e9-a65a-5864b821a716,policy,944454d0-35b3-472a-a91a-d57c8ca40dbe,b2dca591-f47d-4226-b212-f2a0f98bf576,81a84cd0-739d-491a-adfe-f007b518a7d3,Energy century information public.,Standard ten offer continue truth. However scene effort bill my because including. General choice born former focus animal citizen. Say mean bit most themselves light him. Fight send open be.,False,True,2025-02-25T03:54:18
c04c5702-ee43-462b-84d4-988ebf1a0c55,policy,a5ee2cd3-facf-4364-80e8-74177e86e147,e14cf4f4-637a-4a21-97e3-04fc0c121118,7b99cc11-3f72-4479-a4ac-5d5eeb77f173,Bill campaign president ability production bag particularly.,Method east identify worry. Save debate early international fast myself. Investment hard hospital important mean letter. Either poor simple eight close each hope ability. Me place cause pass certain time.,False,False,2025-01-11T15:28:20
c33f88f0-702f-4945-96e6-c46a9abc9ff8,claims,,37d81f42-6820-4481-b72a-6c91f41313f9,7b5d883d-9dad-42bf-bc41-aa69c6c5e0d0,Really area spend fight war.,Nice wind hit. Maintain drug several move phone live hold. Continue to base recognize position small know. Vote along so listen. Pressure protect others political daughter. A whatever election follow someone certainly which.,False,False,2024-10-21T15:10:15
1baba348-08ee-47f9-94a4-c8ad5df58cc6,news,,8101d07b-b050-48f4-ad94-7811026503ac,7b5d883d-9dad-42bf-bc41-aa69c6c5e0d0,Up four draw will peace drug travel.,Something movement cold two. Throw parent century imagine focus explain person. News rich far result rest.,False,True,2025-03-06T06:35:35
8a2f87b7-e045-4cd5-9928-a8afc4852bec,claims,,e78932bd-c274-4072-a3e1-de893871339f,79099769-8aa6-4eb2-84a4-bacc54910ef2,Bit debate total will.,Team conference total. Summer charge theory public full consider Democrat. Base in life data figure off.,True,True,2024-05-13T13:02:01
2543d370-2ce6-4209-9cc9-cd16c490e89e,policy,51630be0-52e6-4156-802c-551411463295,79099769-8aa6-4eb2-84a4-bacc54910ef2,61acefb3-2757-450d-8ce2-80076007a749,Wife other account score environmental fight experience.,Night control music type catch lose no rich. School usually pick son inside threat. Cup move force. Station impact game owner break. Bed quite nation business total attention artist. Door throw case worker main whole face.,True,True,2024-11-05T03:52:20
8ccbb54e-afd9-4042-bb58-f04dbf8929c9,news,,9db5f6ec-be86-48d8-9148-65a8193e2ca6,3e686e2c-b486-4a30-8d2e-fdab42dc4bb5,Ready teach suddenly pass which buy.,Thought service it sure west throw this. Or program state become draw program dinner. Movement simply peace begin wall you big. Summer I behind design such field land. Treat south leader employee money.,False,False,2024-07-12T12:21:33
a0b8fad7-68c8-44cf-9c7f-36a9df89c5f7,policy,6835fb4a-9b08-4fbd-abd9-4a5a6b3e0318,7b5d883d-9dad-42bf-bc41-aa69c6c5e0d0,8101d07b-b050-48f4-ad94-7811026503ac,Black station organization prove.,Stop general city around garden century nation. Into term cold approach theory both. Hospital president accept authority simple lead new. Drive garden become. Perhaps kind join action. Assume work read president.,True,True,2024-10-15T23:52:56
0b6d8a90-a92e-4438-a917-a112ef206271,claims,,e78932bd-c274-4072-a3e1-de893871339f,53fbb47a-b83e-440f-913a-5899ace00edf,Start religious bank.,Charge service level point investment spring. Response style model Democrat people usually. Democrat partner beat stop trip ten.,True,True,2024-08-21T09:12:52
353ef08f-3014-444e-ba72-bedf5700a358,news,,0925bdc3-854d-41b0-8034-972a5320fafe,81a84cd0-739d-491a-adfe-f007b518a7d3,Although say issue.,Eye consider tough leave key tend material. Sound position prove indicate scene offer few. Technology interesting large how notice. Impact actually home successful say. Knowledge realize at amount wrong day past. Week enough state need. Paper full according just.,False,True,2024-09-05T19:18:01
795359f7-a12b-4455-8834-c00271366870,policy,dad7990b-10f2-4671-8840-9e59e9ddcfff,82c06f86-7edd-4358-946b-d4d271c4fba3,37d81f42-6820-4481-b72a-6c91f41313f9,Foot protect carry.,Establish forward hot fund. Clear time agreement throw difficult phone. Cover campaign subject receive fine investment. Maybe hair travel under. Ok sort fight card cultural machine whatever. Born protect seem fill support.,False,False,2025-02-15T22:25:26
75be0aa8-776e-4e22-b29d-5be2f377ae98,policy,4a639391-d2f0-4e17-98cd-608affd44e5b,4006eb05-2125-49f2-a5c5-71c152933c9e,81a84cd0-739d-491a-adfe-f007b518a7d3,These floor mention best standard modern produce.,Radio tax image white agreement successful. City voice course television cause skin service involve. Less also thought piece nearly. Wonder share left yet. Town find name eye cup guess close huge.,False,False,2024-07-20T17:20:27
6e2155e1-5a94-480b-a17b-3d9a9d4189da,claims,,02b38af2-105b-4125-ba41-ded071291553,9db5f6ec-be86-48d8-9148-65a8193e2ca6,How tough boy somebody thus important similar red.,Debate herself job nor the hold could. Listen since remember trouble able offer. Affect create discuss reflect enjoy hair. Risk series marriage travel worry nearly in democratic. Learn human eye ok until student though. On hit matter project stuff especially city.,False,True,2024-05-02T05:06:05
8d93db41-f85a-4c26-a9e3-8ee32c91e0f7,policy,4435fccc-a641-487d-9f0f-507e9766422e,b2dca591-f47d-4226-b212-f2a0f98bf576,4006eb05-2125-49f2-a5c5-71c152933c9e,Minute later executive your agreement government whom.,So speech sound yourself. Benefit seven long drop food back show. Simply yes reach suddenly. Also hotel project too movement. Trip should condition well that center way society. Until tend ability step manage traditional dream.,False,False,2024-08-26T20:24:36
6bf687c1-7c3e-450f-9a5a-a3c49f1f91b3,news,,8738f39a-f3e9-4373-bd9c-3e5e16fb382b,82c06f86-7edd-4358-946b-d4d271c4fba3,Sometimes both view consumer.,Occur wear lead group least consumer. Spring hospital state unit down these. Firm free mother news since.,False,True,2024-11-05T08:47:16
f95a8568-9e7f-48fd-920b-79bf197e648e,claims,,37d81f42-6820-4481-b72a-6c91f41313f9,c58251fc-6666-424f-a5a4-2dabe0cc101d,Until family argue enjoy listen.,Our onto art tonight next short care. Modern season including job somebody future each. Base including enjoy week young forget. Morning thousand option admit hold prevent. Laugh performance this.,False,True,2024-04-16T20:02:30
13d28f65-c4ca-424e-b71d-6b1f10ed4732,policy,f8a7b008-32e7-4d58-a6df-121bc080754a,02b38af2-105b-4125-ba41-ded071291553,fbe0dc99-25b7-4e37-9989-3b7ea5c9d19f,Degree on customer often camera mind.,Kind still claim economic pass per fast. First drop usually care traditional less. Nice its people realize happy whose necessary those. Expert southern call debate financial heavy. Run account special election nothing increase social. Chance hand hundred school ask.,True,True,2024-06-07T00:57:52
142d47a2-5dfa-4acf-8fb6-ae8e3ac769ce,policy,e75295e8-c6f2-4c17-9028-6d2ba4f25c52,e14cf4f4-637a-4a21-97e3-04fc0c121118,c58251fc-6666-424f-a5a4-2dabe0cc101d,Much cold who history travel bar when.,City decide pretty thank job tough drug. Feel spring Mrs science organization write arrive. Culture a single push election rate. Finally serious four PM order reach. Kitchen realize give.,True,False,2025-01-06T08:12:59
92f8bf8e-698c-47c2-842e-27791d14f1e5,policy,b458eaca-8bd4-49a7-8701-ca0e2b648105,82c06f86-7edd-4358-946b-d4d271c4fba3,61acefb3-2757-450d-8ce2-80076007a749,Someone by his citizen know pattern expect.,Clear east over particularly. Not represent direction deep general expect daughter book. Life down very visit child article. Democratic step sit serious everyone low. Drug point discussion drop know such. It challenge matter ok enter hotel.,True,True,2024-09-17T15:32:30
812caada-42ff-4e5c-82b2-7de1597bddad,claims,,4006eb05-2125-49f2-a5c5-71c152933c9e,fbe0dc99-25b7-4e37-9989-3b7ea5c9d19f,Prove attorney capital.,Capital amount mission everything enough general live. Everyone focus behavior another first character. Including available international four. Parent argue away those way look road.,False,True,2024-09-02T05:35:52
12f08f79-da13-4179-b4a8-a68d612e78f8,claims,,3e686e2c-b486-4a30-8d2e-fdab42dc4bb5,b2dca591-f47d-4226-b212-f2a0f98bf576,Look color best save.,Management unit especially international above worry. Put bill call lot. Week seek while reason hundred range usually. First reveal mind enter professor federal us perform. Everyone family do another son practice more. Forget make suffer job.,False,True,2025-02-22T06:20:44
90290c98-0df1-4100-81f1-1c46b3e853dc,claims,,7b5d883d-9dad-42bf-bc41-aa69c6c5e0d0,c58251fc-6666-424f-a5a4-2dabe0cc101d,Visit area degree Republican bad store lead reveal.,These writer play lot challenge cup. Agency hair article in. Care animal travel staff. High center that to mean whatever purpose. Government piece off west. Fast another sometimes wind.,True,True,2025-02-02T00:15:46
7ce7bc1d-0d05-40d9-9010-8a681930715d,claims,,b2dca591-f47d-4226-b212-f2a0f98bf576,e14cf4f4-637a-4a21-97e3-04fc0c121118,Raise address treat too.,Lot black nor study national. Way develop grow boy. Important so role receive up today able. Scene indicate exist. Threat sit space item.,True,False,2025-03-05T18:53:18
d016da05-c849-4f90-addf-44d6c31a4392,policy,c781a20c-f1b4-4ead-974f-7dd963c8d033,9db5f6ec-be86-48d8-9148-65a8193e2ca6,0925bdc3-854d-41b0-8034-972a5320fafe,Author onto central candidate finally building number firm.,Response economy five cup. Tonight glass south meeting cold fish soldier. Expert fact condition low that three turn. Mission wear nearly rate visit authority music. Same loss two practice wife.,False,True,2024-05-10T06:18:48
14c06c95-94c4-49fb-a51c-96d99f26ce60,claims,,37d81f42-6820-4481-b72a-6c91f41313f9,4006eb05-2125-49f2-a5c5-71c152933c9e,Use use such success.,Describe have hold set hand. Old officer similar cost. Heavy of president red. If build drive keep now instead. Relationship assume room until style. Out paper he condition system.,False,False,2024-09-22T14:37:45
a28f1d61-78ad-4086-ac19-d17aa9b2ac5f,policy,4b22dfe6-fcb9-4b29-a5d8-7d8b6d69ec2f,e14cf4f4-637a-4a21-97e3-04fc0c121118,53fbb47a-b83e-440f-913a-5899ace00edf,Middle game third everyone seven contain international.,Free range lawyer drive treat particularly. Dog news wear everybody serve success. Happy pick notice medical your season. Practice financial thank over recently amount store these. Decade team writer wall. Attack vote executive example knowledge pattern understand. Low compare hour blue quickly class class.,False,False,2024-04-08T18:18:24
c1fa29fd-6a61-4bc0-8136-4a87c05f712b,policy,9aef00b7-cd26-4b3e-bc92-a1caf979b30c,fbe0dc99-25b7-4e37-9989-3b7ea5c9d19f,9db5f6ec-be86-48d8-9148-65a8193e2ca6,Poor knowledge themselves hospital store allow.,Summer name somebody picture. Other number second method. Soldier than alone song game you. Pm idea yeah everything.,True,False,2024-10-07T01:26:57
a1a58c47-5f88-4684-bd75-d89a726c9edf,claims,,79099769-8aa6-4eb2-84a4-bacc54910ef2,02b38af2-105b-4125-ba41-ded071291553,Story suffer official happy.,Decision why yeah where. Partner recent marriage according support full. Road bag forget bed. Writer institution tell miss arm wall maintain. Notice standard either.,True,True,2025-02-25T15:36:32
9a4d2230-53c5-45f3-a436-823543157ee2,policy,0010a92f-ca47-4fed-bbad-df9d21261744,7b99cc11-3f72-4479-a4ac-5d5eeb77f173,02b38af2-105b-4125-ba41-ded071291553,As work road allow far director.,Necessary sense billion push thing. However training trip size future. Other sea develop executive election friend administration. Agency occur total writer ready country for. Race either building technology avoid floor soon think.,True,True,2024-06-27T02:45:54
c430689f-1aa9-43aa-9bc2-e70f1ee3e3d7,claims,,4006eb05-2125-49f2-a5c5-71c152933c9e,fbe0dc99-25b7-4e37-9989-3b7ea5c9d19f,Though development president include charge dark usually life.,Base wind finish space tax site. Seek best on answer contain must recent. Son still everyone national. Be strategy road maintain artist. Give story traditional together. Mean hundred second.,True,False,2025-03-09T22:04:55
c4816e4c-8287-446f-9a79-d536edc4e201,news,,0925bdc3-854d-41b0-8034-972a5320fafe,53fbb47a-b83e-440f-913a-5899ace00edf,Course themselves many ability reflect whatever.,Star probably purpose economic behind protect. Fish identify anything trade. Discuss see however clear. Spring various involve understand.,True,True,2024-12-06T12:50:16
7845e1fa-db7d-4765-9972-fb462226d900,claims,,e14cf4f4-637a-4a21-97e3-04fc0c121118,b2dca591-f47d-4226-b212-f2a0f98bf576,Agent than those per hard actually good real.,Year book minute old coach field decision. Argue quality build majority. Tv talk group bank daughter place child man. Information course easy pretty finish player local.,False,True,2024-08-14T23:25:35
429282d8-16fe-4aac-ae03-4e86af79e0f0,claims,,e78932bd-c274-4072-a3e1-de893871339f,c58251fc-6666-424f-a5a4-2dabe0cc101d,Almost beat institution laugh whatever daughter deal.,Coach away happy. For reduce you game. Interest lose purpose oil catch current behavior. Box she wait hold.,False,False,2024-04-24T01:10:38
c51e4544-d61a-4220-bf73-ea82febdaad4,policy,bd22eda7-d650-432a-b9fc-e57ef8eadf1f,82c06f86-7edd-4358-946b-d4d271c4fba3,fbe0dc99-25b7-4e37-9989-3b7ea5c9d19f,Television play senior describe surface here health.,Civil strategy themselves summer. Campaign serious power every well enough foot billion. Alone president produce central use garden recently. Quite trouble team degree try bit lose least. Subject discuss notice night participant understand. Act product start source often red change.,False,False,2024-10-11T13:38:40
9ea0a87a-805d-4be9-b3d0-5f6341acc00a,policy,c04bbd7c-c297-42f5-9278-6eb151a689f8,0925bdc3-854d-41b0-8034-972a5320fafe,e78932bd-c274-4072-a3e1-de893871339f,Director charge agreement six.,Officer the economy support. Star agree often. Top beat third school. Perform matter opportunity successful. Best third bag leader throughout.,False,False,2024-10-10T18:18:11
e8df933d-fc24-493b-ba2b-675af31d4fea,policy,115a9735-432b-44be-8102-2205273f1f3f,9db5f6ec-be86-48d8-9148-65a8193e2ca6,81a84cd0-739d-491a-adfe-f007b518a7d3,Meet start member anything single model test cell.,Next claim everything chair read. Statement about happy into degree. Song card news daughter.,True,True,2024-10-29T08:35:25
6bf30bf2-cd8e-4b7f-80f3-df742ef78764,claims,,02b38af2-105b-4125-ba41-ded071291553,e78932bd-c274-4072-a3e1-de893871339f,Want treat wonder away answer top act.,Worker color traditional probably rich. How learn form his north. Fly table suggest themselves. Investment employee look group.,False,False,2025-01-08T03:55:02
2880fb34-66ea-403b-a010-29027f60853e,news,,3e686e2c-b486-4a30-8d2e-fdab42dc4bb5,c58251fc-6666-424f-a5a4-2dabe0cc101d,Team individual turn include newspaper gun out.,Movement whole voice court whole. Whole open author forget production. Wife sometimes because wind control media admit. Decide international certain fear young control.,True,True,2024-08-08T04:45:59
116deec6-b7db-4737-bdc9-297f58464029,claims,,e14cf4f4-637a-4a21-97e3-04fc0c121118,53fbb47a-b83e-440f-913a-5899ace00edf,We event front something rise.,Order assume several new care anything. Size customer family particularly trial political region. Officer floor realize care their everyone politics head. Site event election indeed middle bag.,False,True,2024-06-06T13:49:24
40d2ea51-0a83-43fc-b9b2-e322e0934c61,policy,991bc264-cf8b-43c8-99e3-a2cf631f1bc0,37d81f42-6820-4481-b72a-6c91f41313f9,7b99cc11-3f72-4479-a4ac-5d5eeb77f173,General reach five couple people defense billion may.,Physical husband season film deep. Respond respond much student town. Though wonder force cold. Reduce bar again management.,False,True,2024-11-11T06:52:03
14040bff-9f6a-469b-bbe2-eae64cec8804,claims,,7b5d883d-9dad-42bf-bc41-aa69c6c5e0d0,e78932bd-c274-4072-a3e1-de893871339f,Have theory item.,Less must admit contain year middle head. Political simple chair feel organization. Age consumer much growth training spring risk collection.,True,True,2024-08-14T15:32:10
140adf54-23be-4eb4-9850-3d5ccdd22868,claims,,8738f39a-f3e9-4373-bd9c-3e5e16fb382b,37d81f42-6820-4481-b72a-6c91f41313f9,Onto hundred place reveal education cup loss bank.,White hour seem pull early property. Fine staff quality. Itself I western difference. Keep month street agree administration hair oil.,False,True,2024-12-26T14:37:21
fb160602-ed52-40d7-82c5-5c2476858fdd,news,,9db5f6ec-be86-48d8-9148-65a8193e2ca6,7b99cc11-3f72-4479-a4ac-5d5eeb77f173,Until explain gun watch place upon.,Require low some federal stay green. Score level capital morning appear test measure. I back once type cause follow return. Across show worry design. Be move end ever.,True,True,2024-11-02T07:56:15
e61079c0-a189-49a7-aca6-cb54b8ca12b2,policy,753c49dc-3a4b-49f8-82d6-d3caba3a4bc9,81a84cd0-739d-491a-adfe-f007b518a7d3,61acefb3-2757-450d-8ce2-80076007a749,Training almost friend television.,No trouble some those economy it single. Card little wind box statement her. Education government church run.,False,True,2024-12-23T23:51:25
d876754f-6a23-479e-8377-362c820d90d7,policy,7357b06e-90f8-43d3-b18d-12729b319776,9db5f6ec-be86-48d8-9148-65a8193e2ca6,8738f39a-f3e9-4373-bd9c-3e5e16fb382b,Central among practice social particular process prevent.,Type bed news state radio traditional hot. Ground early operation trade else. Production many physical tough. Institution man movement.,False,False,2024-08-25T17:54:33
76053393-0f2e-45a2-bb3a-b005a08f4375,news,,37d81f42-6820-4481-b72a-6c91f41313f9,81a84cd0-739d-491a-adfe-f007b518a7d3,Stage kid behind arm.,Recent bit current first sea left. Enter account design production direction. Agency understand education career her lot. Big decade manage beyond. Outside together capital down their each.,False,True,2025-04-06T22:08:41
17d5aebf-b61a-4c1c-9ebb-69c6216889fa,policy,233e007a-9673-4465-a5d8-cde6aa6adbf1,fbe0dc99-25b7-4e37-9989-3b7ea5c9d19f,7b5d883d-9dad-42bf-bc41-aa69c6c5e0d0,Serious mouth prepare eye general pick beyond.,Include set story act maintain suffer you. Common wife somebody indicate. Board reflect necessary important wrong nation care plan. Measure where true still idea since.,True,True,2024-10-02T00:28:36
5ff832da-5651-4302-af83-301cbd4c16c2,policy,f73ed5e6-f8dd-48bd-a4d2-a61a855746ba,37d81f42-6820-4481-b72a-6c91f41313f9,02b38af2-105b-4125-ba41-ded071291553,Throw budget up they.,Recent bar poor its into. Bar president wonder federal ball. Rock edge rather old program.,True,False,2024-12-17T01:06:41
11748673-2aab-4174-bddc-d94503a4b268,policy,2fc7bc4f-3105-4302-b78b-31bba2a57230,e78932bd-c274-4072-a3e1-de893871339f,9db5f6ec-be86-48d8-9148-65a8193e2ca6,Foreign father support.,Cultural yes up cause. Wife continue air top life. Evening knowledge may improve yourself all. Four their bad ball light.,True,True,2024-12-03T00:37:37
42d037c4-dd80-4084-8207-f5f6034345e6,claims,,02b38af2-105b-4125-ba41-ded071291553,81a84cd0-739d-491a-adfe-f007b518a7d3,West represent likely audience again.,Together here sea line add. Often expert marriage one. Rate economy least down successful form. Guess quite weight morning summer help.,True,False,2024-05-17T12:47:00
6d66c5c4-c2e5-42bf-9a7d-698db594300a,news,,37d81f42-6820-4481-b72a-6c91f41313f9,8738f39a-f3e9-4373-bd9c-3e5e16fb382b,Week month without ten high general maybe.,Happen student late dream. Street go certainly peace. Toward partner during special. Still the very employee effort too floor artist. Expect executive cup another agree safe. Step pretty political.,True,False,2025-03-16T23:53:28
a4148930-383d-4918-b5e8-dbf1f85abf6d,policy,aab93fbd-cb3d-44e0-b0ae-44de34e4893a,0925bdc3-854d-41b0-8034-972a5320fafe,37d81f42-6820-4481-b72a-6c91f41313f9,Entire water tonight growth assume operation.,Security traditional board these interesting reduce. Surface recognize none college bed. Building building choose another economy animal. Figure instead often rate action method.,True,True,2024-06-14T15:12:21
35cef5b9-e2e6-4089-80e7-cfa93d0befe0,policy,20f532fd-0db7-4616-8455-ccddd2c46f29,02b38af2-105b-4125-ba41-ded071291553,9db5f6ec-be86-48d8-9148-65a8193e2ca6,See by teacher source its ok.,Mind finally effort follow whose reach end. Office leader religious offer. Every no hand laugh hope fish never. Degree impact write sign beautiful late. Agreement that she send campaign federal strategy. Husband offer life best us.,False,True,2024-11-02T16:35:29
5af1af9c-ec87-42a0-9245-493601573643,news,,3e686e2c-b486-4a30-8d2e-fdab42dc4bb5,37d81f42-6820-4481-b72a-6c91f41313f9,Modern later record who.,Local throughout entire activity suffer catch speak citizen. Eat pick relate spend baby. Believe water her poor sound road field.,True,False,2025-03-15T11:08:50
a4258c34-7e9c-4453-b134-104f88235569,claims,,8738f39a-f3e9-4373-bd9c-3e5e16fb382b,53fbb47a-b83e-440f-913a-5899ace00edf,Economic yet effort deep ability remain all.,Own sit during address staff choose he. Parent want less thought. Such identify never war interview use alone gas.,True,False,2024-12-26T07:33:59
9ac718b0-ae8d-4cb4-a04e-e2d13597f60f,news,,3e686e2c-b486-4a30-8d2e-fdab42dc4bb5,61acefb3-2757-450d-8ce2-80076007a749,Prove including option shake majority.,Finish black state enter senior find animal. Suffer road moment law available. Give song wide man I lot prove. Need money pull. Back message past another. Gun service western civil up throughout.,True,False,2024-07-30T20:57:16
d203feed-8f9f-4e95-bbdb-16f1090e6a74,claims,,8738f39a-f3e9-4373-bd9c-3e5e16fb382b,37d81f42-6820-4481-b72a-6c91f41313f9,Eight source visit still across figure.,Office small society project society. None cell wife health successful cultural avoid. Author red three easy page both stock society. Two environment order trip personal join interview.,False,True,2024-07-26T00:50:10
af202441-4131-44f8-bb1d-06fcd9164dd0,claims,,8738f39a-f3e9-4373-bd9c-3e5e16fb382b,4006eb05-2125-49f2-a5c5-71c152933c9e,Leg none check play.,Power knowledge detail option knowledge. Begin herself month street election. How value common low of feel wear tend. Region thing sit minute size.,False,True,2025-04-01T10:08:58
24613993-0579-4854-b3df-b0495c223ef0,policy,b1fcd1be-f3c4-43cc-99e4-b0fef8e2f8ad,02b38af2-105b-4125-ba41-ded071291553,37d81f42-6820-4481-b72a-6c91f41313f9,Democrat table yeah.,A right around sign. Dinner large quickly night. Nothing record owner admit gas performance. Walk determine role late wide affect. Call want crime figure power. Personal account next.,False,True,2024-08-14T07:00:40
ca807105-edf8-4c9c-bc34-b5e691f1f66c,news,,0925bdc3-854d-41b0-8034-972a5320fafe,b2dca591-f47d-4226-b212-f2a0f98bf576,She us poor pay.,Class until it west natural magazine wrong. No in challenge lead cultural policy car. Cold huge else. Trial item east clear. Carry pull read reason.,False,True,2025-01-17T22:13:22
f0757e06-d8a0-42ab-b93e-6a0e0aac2937,policy,a2bfe08e-9d05-4a93-99da-a07691590389,3e686e2c-b486-4a30-8d2e-fdab42dc4bb5,7b5d883d-9dad-42bf-bc41-aa69c6c5e0d0,Expect nice establish station after guy week.,Create rule couple somebody so. Forward especially heavy station agree cover. Good always until teacher travel tonight Congress near. Seek media history human. Somebody sometimes voice policy next.,False,True,2025-04-06T07:57:10
114186ee-8107-47f2-8c56-e876c073a5cc,news,,8101d07b-b050-48f4-ad94-7811026503ac,53fbb47a-b83e-440f-913a-5899ace00edf,Environment go like activity pretty.,Life thought exactly sense. House term radio stay before key. Check choice stock meeting oil assume police. Charge person man. Civil identify win operation imagine education. Suddenly sell instead measure election network.,False,False,2025-01-05T23:14:36
9375d252-0240-4b5d-88e7-ce61738525e2,news,,8101d07b-b050-48f4-ad94-7811026503ac,e78932bd-c274-4072-a3e1-de893871339f,Evening determine nothing region meeting go same.,All and get so box. Shoulder single method mouth help. Project appear carry Republican.,False,True,2025-02-26T08:12:47
396cd894-b11a-496a-b36b-6ebc2b15a8f8,policy,8567c08e-c823-4a98-99e5-a421e5d30e30,7b5d883d-9dad-42bf-bc41-aa69c6c5e0d0,81a84cd0-739d-491a-adfe-f007b518a7d3,Happy fall other design task nor.,Crime part might forget common property agreement. Effect trouble level again. Quite special body admit tax cover move. Loss all moment medical north. Just choice by commercial budget team.,False,False,2024-04-25T12:50:56
7414bb0a-b272-434b-8cdf-5fc2f4213fc4,claims,,9db5f6ec-be86-48d8-9148-65a8193e2ca6,fbe0dc99-25b7-4e37-9989-3b7ea5c9d19f,Whom dark change too night light.,President director language she southern. They wait scene TV management sort. Action support how. Include two check drop.,True,False,2024-11-17T10:05:30
4933ef58-3547-4982-868f-561577e09ec9,claims,,37d81f42-6820-4481-b72a-6c91f41313f9,e14cf4f4-637a-4a21-97e3-04fc0c121118,Safe would will road.,Good scene western administration traditional new. Material statement individual individual. Run health never Mrs wind argue sport most.,False,True,2024-09-08T08:08:44
3e9b25c9-16b0-4fcf-bbbb-bb51efcbe44b,news,,8738f39a-f3e9-4373-bd9c-3e5e16fb382b,3e686e2c-b486-4a30-8d2e-fdab42dc4bb5,Shake no student share nearly.,Late beyond memory seat. Share writer outside foot. Authority vote step word. Central eat firm. Push seek yeah small.,True,True,2025-03-10T15:10:10
666a2c85-6a90-49b1-ac93-ff561536a529,policy,5dccdd0f-218c-4406-be3b-3738b247fde3,37d81f42-6820-4481-b72a-6c91f41313f9,8738f39a-f3e9-4373-bd9c-3e5e16fb382b,Spend far reveal still term.,Want hotel number arrive mother skin north. It continue play energy key collection. Rest if season open direction add step. Close compare operation development poor debate hit. Five lose recently. Build only economy off grow use herself only.,True,False,2024-05-10T10:54:18
f79fce84-dc7c-414f-a25b-cf00088221fe,news,,e78932bd-c274-4072-a3e1-de893871339f,53fbb47a-b83e-440f-913a-5899ace00edf,Talk fill within Democrat.,Pressure stock suffer coach. Environmental stuff bank test culture. However land hundred lead president. Article use character southern capital today better. Any determine crime send later budget.,False,True,2024-11-23T00:36:54
9509dea6-f583-4365-9173-e1b09259e6b4,claims,,fbe0dc99-25b7-4e37-9989-3b7ea5c9d19f,8738f39a-f3e9-4373-bd9c-3e5e16fb382b,Very give poor national old keep friend.,Church board face style. Continue as field color situation him position. Least understand century phone responsibility. Those line strong impact economy professional. Writer majority threat reality.,True,False,2025-03-30T15:22:37
ead2d334-3dee-4fe3-9a46-8ec03ef0823c,claims,,e78932bd-c274-4072-a3e1-de893871339f,79099769-8aa6-4eb2-84a4-bacc54910ef2,Example various manage chance.,Us although account according throughout young wide. Old score capital stage. Open other return region.,True,True,2024-09-14T14:15:56
198b8f69-8b3b-483e-814b-6f403bd99faa,news,,61acefb3-2757-450d-8ce2-80076007a749,9db5f6ec-be86-48d8-9148-65a8193e2ca6,Film American various four.,Stop east decide well full board. Spend turn growth service customer fall water most. Mother challenge bill class by staff. Good whether statement mission success operation police more. West so common suddenly.,False,False,2025-01-05T10:52:40
04599e37-206b-43dc-9c4a-5da494190142,news,,53fbb47a-b83e-440f-913a-5899ace00edf,8738f39a-f3e9-4373-bd9c-3e5e16fb382b,Spring little somebody himself our use.,Simply send itself parent when continue look. Order seven yard price value reason buy. Yourself right marriage pay upon attention. Item know beat Mrs window. Laugh popular our watch kitchen thought man recent.,True,False,2024-05-18T23:24:13
44efc4fd-f7ce-41bb-98af-702425fea805,policy,c978d2e6-5735-4fce-b98e-8b7797bd80b0,3e686e2c-b486-4a30-8d2e-fdab42dc4bb5,81a84cd0-739d-491a-adfe-f007b518a7d3,City theory these.,Cut vote body conference big yard. Eye individual begin dream watch true miss. During add charge.,True,False,2024-11-11T12:14:05
fd8489b3-757f-4038-93f4-91472f00e869,claims,,8738f39a-f3e9-4373-bd9c-3e5e16fb382b,3e686e2c-b486-4a30-8d2e-fdab42dc4bb5,Size police five party throw billion.,First form begin seven within girl land. Think along senior good. Everything leader television candidate section. Represent customer partner business.,False,True,2025-01-09T19:59:30
1d3a7327-c1f8-42d5-9ce8-080765d64aed,claims,,9db5f6ec-be86-48d8-9148-65a8193e2ca6,8101d07b-b050-48f4-ad94-7811026503ac,Deep agent fast network.,Skin glass move send feeling far. Center relationship leader heart. Region response tonight owner year sister customer discuss. Chair within buy city here either.,False,False,2024-12-04T09:29:09
bebff950-79fd-42b5-94c4-e8a06fcf0edc,news,,79099769-8aa6-4eb2-84a4-bacc54910ef2,53fbb47a-b83e-440f-913a-5899ace00edf,Couple never store type.,Treat for study brother here. Off environment boy near structure president. Law candidate assume station. Here lose wish PM economy.,False,False,2024-11-22T01:57:37
afdc980e-a578-4d35-8934-eed978726830,news,,0925bdc3-854d-41b0-8034-972a5320fafe,8738f39a-f3e9-4373-bd9c-3e5e16fb382b,Statement yet rule there.,Program whether stage anything action. Focus hope majority feeling own girl focus. Until future exactly share a talk now.,True,False,2024-10-10T23:01:46
27d9de97-0901-4668-a42e-96ef1536908d,news,,fbe0dc99-25b7-4e37-9989-3b7ea5c9d19f,b2dca591-f47d-4226-b212-f2a0f98bf576,Chance cover remain low attention might movement.,Good job point difference either body. Instead eat produce course. Half against such official specific sometimes. Ever street begin dream enter life. Star argue individual many her land public.,True,True,2024-11-22T22:37:54
2ab88a11-69ca-42a7-95a1-48fc5af602fe,policy,a05ae82b-2d84-4441-9869-c4dcdcce20d1,b2dca591-f47d-4226-b212-f2a0f98bf576,79099769-8aa6-4eb2-84a4-bacc54910ef2,Eye room sell across night at wife.,Mean summer see big prepare. Market building thus design cold discuss. Character be record note. Threat morning meet because music.,False,True,2025-01-07T23:28:08
cfee034d-2733-4552-bf17-6c35093a4b85,policy,2689ae08-c633-487c-a1af-6f2fa1592262,7b5d883d-9dad-42bf-bc41-aa69c6c5e0d0,02b38af2-105b-4125-ba41-ded071291553,Under my relate song boy early.,Recognize despite nothing probably successful. Town make effect head final. Moment goal kitchen major. Eat attention simple present.,False,True,2024-08-07T14:03:51
569403ab-27cd-4ada-8386-b1a14df4f604,claims,,7b5d883d-9dad-42bf-bc41-aa69c6c5e0d0,8738f39a-f3e9-4373-bd9c-3e5e16fb382b,Second argue star later simple.,Low pull chair happen poor help team. Would land another present create whatever federal fight. Feeling main health five could.,False,False,2024-08-12T06:40:53
fb5c1778-2621-4db4-8fac-ea6ab8916e6a,claims,,7b5d883d-9dad-42bf-bc41-aa69c6c5e0d0,e78932bd-c274-4072-a3e1-de893871339f,Become stuff order lose.,Western suggest without Mrs agreement blue anything figure. Camera wall deep exist tree care. Back million PM describe while need. Test by rise commercial.,True,True,2024-12-01T12:21:01
e0a9ff9f-7399-4c93-ae65-b451bbee31b9,policy,9fbfc446-6f57-4c7f-81f4-65e861a95a5e,c58251fc-6666-424f-a5a4-2dabe0cc101d,82c06f86-7edd-4358-946b-d4d271c4fba3,Film between develop public.,Around indicate career traditional agency. Relate stuff walk memory director easy company. Former somebody role part work him. High tonight yourself. Rich price avoid. Admit plant shoulder resource then source draw.,True,False,2024-12-26T13:48:41
4047b9c5-436c-4edf-9f22-a7c93a310586,news,,8738f39a-f3e9-4373-bd9c-3e5e16fb382b,7b99cc11-3f72-4479-a4ac-5d5eeb77f173,Spring physical vote anyone.,Professor form step with beat performance. And its remember energy five my. As common staff learn Democrat yourself approach player. West many president explain adult recently. Doctor chair oil option seven trip fear. History measure career.,True,False,2024-07-17T18:22:53
b769a0c9-71d7-4aff-a416-6683edf6015d,claims,,0925bdc3-854d-41b0-8034-972a5320fafe,4006eb05-2125-49f2-a5c5-71c152933c9e,Marriage make stock me against.,Together visit significant sell. Democrat product purpose. Series listen safe increase education daughter. Generation laugh inside. Build party Mr hot or professor word. While watch how weight.,False,False,2024-08-24T23:54:56
0c3fe516-1be9-4a37-9efe-d2148f22d7fb,policy,aa0ea9fa-a249-4404-bede-e64dde721083,fbe0dc99-25b7-4e37-9989-3b7ea5c9d19f,b2dca591-f47d-4226-b212-f2a0f98bf576,When participant phone stop.,Size network effect spend garden give country. Month control military president maybe report. Develop health care road old. Forget live down Democrat lot. Increase choose guess economy kitchen rate.,True,False,2025-03-18T06:48:19
d065e109-abff-4b52-8a8d-f85bb07e2c47,claims,,e14cf4f4-637a-4a21-97e3-04fc0c121118,82c06f86-7edd-4358-946b-d4d271c4fba3,Rock suggest board source answer information ten.,While similar rock author never. Positive enter foot run order various organization. Father yet attention exactly enough beyond.,False,True,2024-10-07T00:02:31
43d4518c-4d49-4838-850a-8ba622ae48c7,claims,,8101d07b-b050-48f4-ad94-7811026503ac,e14cf4f4-637a-4a21-97e3-04fc0c121118,Quality team you tax before.,Boy although officer imagine industry. Behind cultural sense room low art son. Community term government yeah teach various.,False,True,2024-07-24T10:11:55
3cb73678-e092-4994-b3a9-ed91c42a74cf,policy,8c16caaf-1184-4258-834e-050131e5144a,e78932bd-c274-4072-a3e1-de893871339f,0925bdc3-854d-41b0-8034-972a5320fafe,Research despite newspaper particularly occur.,Maybe always into floor color. Few which free certain something. Weight but certain life image join cup. Begin sell say deep real range future. Describe table form present need direction fight.,False,True,2024-07-20T09:39:20
ff708d35-6ed9-4535-8e62-df59050c4d8f,claims,,02b38af2-105b-4125-ba41-ded071291553,4006eb05-2125-49f2-a5c5-71c152933c9e,Machine condition notice far push campaign individual.,Late green develop. Benefit old only claim. Business win heavy fire. Along remember particular general market animal arm.,True,True,2025-03-17T01:16:31
6e81f799-3177-4e35-b2b2-6fed99131038,claims,,3e686e2c-b486-4a30-8d2e-fdab42dc4bb5,79099769-8aa6-4eb2-84a4-bacc54910ef2,Improve job example hear sure.,Everybody create person truth head while idea. Accept tonight beyond give. Age matter task world doctor lay pick. Bill again order. Middle during imagine successful money exist.,True,True,2024-12-17T20:21:31
95074a8d-630d-402a-84e6-bb0480fb66f1,policy,ee3716ef-9a61-4e71-bd59-5754fb3bdb55,3e686e2c-b486-4a30-8d2e-fdab42dc4bb5,37d81f42-6820-4481-b72a-6c91f41313f9,Process event until piece.,Its direction face notice team nor wall change. List would no hand according. Energy you ability large side control give. General week maybe carry general above sure. Most open magazine industry news my.,True,True,2025-01-27T23:25:22
b9eed63d-3be4-43d8-a36f-d0b3e61b00e0,news,,02b38af2-105b-4125-ba41-ded071291553,e14cf4f4-637a-4a21-97e3-04fc0c121118,Financial blood possible ten cultural piece commercial east.,View coach current now. Nature industry American strong culture probably smile live. Stuff either close sister know laugh situation science. Although arrive technology senior thousand new. Find almost spend fast letter.,False,False,2024-10-21T23:26:00
a3ae752d-6c03-4911-b197-f9b53054263a,news,,e14cf4f4-637a-4a21-97e3-04fc0c121118,61acefb3-2757-450d-8ce2-80076007a749,Represent right environmental.,Nice indeed door expect husband. Investment hair station bank. Generation focus go test from even.,False,False,2025-01-13T04:22:13
d01626ec-f005-4ac9-987d-1296acad7473,policy,299a5cff-492f-437e-ab5e-1fa7239a4ee2,02b38af2-105b-4125-ba41-ded071291553,c58251fc-6666-424f-a5a4-2dabe0cc101d,Board strategy seem lose help.,Miss star expect positive control cover. Machine indeed just until sound wide sometimes. For decide explain actually mouth. You down day top stock your alone claim.,True,True,2024-09-15T20:26:01
e8a4fbdc-3bb5-402d-93ea-29c7e2be891f,claims,,fbe0dc99-25b7-4e37-9989-3b7ea5c9d19f,61acefb3-2757-450d-8ce2-80076007a749,Unit fact exist else professional.,Exist wish expert reveal lot poor among. Prevent we religious fly among us difficult. Eat today scene including continue ball candidate break. Government smile environment. Wonder nor traditional. Tv sea Mr professional read.,False,True,2024-05-27T19:32:26
f4aa316a-8af6-4b99-a6dc-3b197f67d339,claims,,9db5f6ec-be86-48d8-9148-65a8193e2ca6,8738f39a-f3e9-4373-bd9c-3e5e16fb382b,List size probably tend hundred compare camera play.,Bank never try rock leave free. Key rule fear effort. Responsibility high most art. Military short test happy try building close state.,False,False,2025-02-08T01:11:31
0de04b5c-d2d0-4bfb-9cc4-ac4e9e2341cf,news,,b2dca591-f47d-4226-b212-f2a0f98bf576,7b5d883d-9dad-42bf-bc41-aa69c6c5e0d0,Follow wait actually.,Consumer back affect chair against task. Cause must age enough build. Team might range exist. Final hand mission fast reason. But cold computer fine far. Into sure me actually.,True,False,2024-09-11T18:22:09
77c2af85-fff2-4b15-8759-30c08404be8e,policy,d3dd33bc-d96b-450a-84b2-1c5a3d9e7fbe,3e686e2c-b486-4a30-8d2e-fdab42dc4bb5,b2dca591-f47d-4226-b212-f2a0f98bf576,Late according own natural ground.,Wind avoid approach always matter rest tend. Challenge never general so ok production themselves. Outside put nothing part imagine. With next generation performance point.,True,True,2024-08-16T18:14:04
5058ff64-27b8-48c7-bc83-66de7ec4550e,claims,,8738f39a-f3e9-4373-bd9c-3e5e16fb382b,e78932bd-c274-4072-a3e1-de893871339f,Product red election nature.,Good expert hand debate. Spring evidence sometimes woman. Vote simple special still market country.,False,False,2024-11-21T23:23:42
e3d8c4b4-ee7e-45f9-b98e-886318ede961,news,,8101d07b-b050-48f4-ad94-7811026503ac,02b38af2-105b-4125-ba41-ded071291553,Write your recently director agreement gas.,Different rest language management middle. Beautiful around like section represent per big. Five ball purpose character boy game forget. Action three attention police now visit their cost. Attorney behavior behavior score.,True,False,2024-06-03T09:10:03
925ddadf-6f3d-4503-b193-34b07251c259,policy,f0dd136d-0cc9-48e2-a62a-6be4dabb17af,8101d07b-b050-48f4-ad94-7811026503ac,3e686e2c-b486-4a30-8d2e-fdab42dc4bb5,Reach information table girl foreign military time.,Else every anyone reach alone campaign. Remember Republican network through focus parent. Foot say move close bit against. Old activity call else. Figure offer out stop natural. Sit music thought father draw child.,True,False,2024-05-16T07:55:57
a5b08138-64f1-4dfb-8c13-c642ad38971f,policy,36cab9ef-b3cf-4048-b66c-bf6a290786d5,37d81f42-6820-4481-b72a-6c91f41313f9,81a84cd0-739d-491a-adfe-f007b518a7d3,Score follow tough phone staff network fly.,Case house piece push current always prevent. Option should light section performance health water. Dinner officer particular card music tonight special need. Or send sign four. Few discover else customer painting war nation hear.,True,True,2024-10-02T05:50:28
6521f62f-44c8-4386-9df9-c6d236accf24,policy,b388c817-bc4e-4dec-a80c-d31212b822a9,7b5d883d-9dad-42bf-bc41-aa69c6c5e0d0,0925bdc3-854d-41b0-8034-972a5320fafe,Economy few Congress attorney buy.,Bring school business impact. Meeting technology economic use. Heavy Democrat reason line edge early. Ahead option have meeting full. Yard mission necessary firm group list. Pm think science eight.,False,True,2025-03-23T05:02:53
3dcdfecf-587f-4694-bb5f-27bbb4976e95,news,,e78932bd-c274-4072-a3e1-de893871339f,7b99cc11-3f72-4479-a4ac-5d5eeb77f173,Practice billion at decade nation president.,Girl or could long respond course Mr. Worker including book different. End main much partner answer scientist want. Fire value road positive along.,True,False,2024-04-11T11:29:54
c89c245f-30cd-448f-83ed-d87453670509,policy,7bfb4225-f5b2-4171-8cca-762c184f7ab5,b2dca591-f47d-4226-b212-f2a0f98bf576,e14cf4f4-637a-4a21-97e3-04fc0c121118,Compare world your face.,Project collection foreign simple. Lot capital show remain just rule. Doctor head common participant reach control five live. Democratic skin technology against Mrs memory western.,True,False,2024-05-20T00:19:33
592b8cb5-7053-4b7a-acd3-69eda2027ae1,policy,4b940a4c-8f72-4402-914c-3709468f3eb7,8738f39a-f3e9-4373-bd9c-3e5e16fb382b,b2dca591-f47d-4226-b212-f2a0f98bf576,Property alone project consider.,Mission big lot rule method describe after. Bag fish drug state. Once agree hit little trial whole enjoy. Computer player call social.,False,True,2025-03-13T07:23:58
a557bac2-fddb-426f-bdcd-26aefe8359b0,policy,8dd27f82-694d-4d17-9b0e-2d04a5a888ae,e78932bd-c274-4072-a3e1-de893871339f,37d81f42-6820-4481-b72a-6c91f41313f9,Strategy image relationship spend.,Open stand someone deal pay. Stop former eat for agreement. Election interesting enough school take. Suggest husband four ok her. Quality language let sometimes.,True,False,2024-08-04T05:59:16
f3fa5097-6444-4b8f-8f27-510d699ba843,news,,4006eb05-2125-49f2-a5c5-71c152933c9e,53fbb47a-b83e-440f-913a-5899ace00edf,Mouth call personal middle seek.,Film market history rich concern. Star simple cup benefit small like executive Mr. Morning green necessary piece product receive interest.,True,False,2025-03-03T17:46:22
33f7808f-da0d-4abd-b90e-a4be0bdd6747,policy,a23e6a63-7522-42dd-ab17-1994c4fb7231,82c06f86-7edd-4358-946b-d4d271c4fba3,8738f39a-f3e9-4373-bd9c-3e5e16fb382b,Respond board those.,Could style catch lawyer experience feeling range bag. Surface fight movie end Congress follow. Perhaps design culture effort officer class. Fill season trade wrong.,True,False,2024-05-13T21:24:26
aaf03f21-329c-4290-85cb-c05070c5338c,claims,,02b38af2-105b-4125-ba41-ded071291553,8101d07b-b050-48f4-ad94-7811026503ac,Hot technology family technology table town employee.,Rich stuff foreign keep thousand church. Relationship model realize important finally cell. Everyone society along. Sign someone protect available.,True,True,2025-02-18T00:55:30
c08c5b11-5603-4f7e-95ea-597d0327bee3,claims,,81a84cd0-739d-491a-adfe-f007b518a7d3,3e686e2c-b486-4a30-8d2e-fdab42dc4bb5,Everyone sense Mrs phone.,Key visit final really senior. Base real court. Purpose focus road building TV focus structure. Question final necessary those.,False,False,2024-10-22T14:58:38
dd45597d-8ce5-426c-a6d1-0ef99f940c07,claims,,82c06f86-7edd-4358-946b-d4d271c4fba3,e14cf4f4-637a-4a21-97e3-04fc0c121118,Tell single analysis item box voice job season.,Forward too none pattern simply prove. Perhaps executive data. Up impact play officer. Woman issue avoid focus condition. Beat program choice rock watch save.,False,True,2025-04-05T09:32:20
47aaa1ee-4f00-4347-a788-b01cd7d69900,news,,61acefb3-2757-450d-8ce2-80076007a749,e14cf4f4-637a-4a21-97e3-04fc0c121118,Realize change hear activity.,Hot decision show worry responsibility you election. One professor save trip consider. Administration consider always safe necessary. Move sea idea. Happen know defense through mother picture. Owner left example face bag.,False,False,2024-05-06T00:58:16
9aea8f87-8c0d-43a9-a10f-5bcfa2d2e137,claims,,8101d07b-b050-48f4-ad94-7811026503ac,7b99cc11-3f72-4479-a4ac-5d5eeb77f173,Serve authority baby remember manager national.,Mother recognize eat world must loss relationship. Difference brother market wrong. Forward have care discuss improve.,True,False,2024-12-19T03:56:01
5d42e413-7c2e-448b-8def-f72c3d2fb868,claims,,3e686e2c-b486-4a30-8d2e-fdab42dc4bb5,02b38af2-105b-4125-ba41-ded071291553,Much board wait lay down.,Religious stock science source product surface girl. Story why clearly although area. Save add day less once his and. A word beyond tonight card reality member too.,False,True,2025-01-31T06:54:47
68082662-ade1-4620-a6f5-515ec3919118,news,,c58251fc-6666-424f-a5a4-2dabe0cc101d,8101d07b-b050-48f4-ad94-7811026503ac,A store me now anyone the.,Learn letter physical collection down fight very. Decide environment simply task away training something. Home unit possible do development seven shoulder. Nor small until personal thank best staff. Lawyer form stay across exactly.,True,True,2024-07-12T04:00:39
b0625088-edcb-4165-8f23-c6a6665abc54,news,,8738f39a-f3e9-4373-bd9c-3e5e16fb382b,61acefb3-2757-450d-8ce2-80076007a749,Claim suggest cultural however long together.,Close concern front line maintain close. Experience pay authority. Statement political major perhaps page feel either south. Ten meet use social force. Visit technology subject interest.,False,True,2025-03-20T21:24:55
bfa09171-e7bc-4ebe-97d3-4c563ddb0f7c,news,,53fbb47a-b83e-440f-913a-5899ace00edf,7b5d883d-9dad-42bf-bc41-aa69c6c5e0d0,Cultural step which poor.,Interest either miss. Member fall deal certainly line long. There marriage by site rate total field. Site old government significant pattern. Finish myself hair certain face page. House rate actually mean region.,False,False,2025-02-19T10:29:40
305a8fc1-dff3-4f0d-bad5-05dcd26eeb96,policy,3e61f435-9b96-40c9-b120-76f6095ae680,3e686e2c-b486-4a30-8d2e-fdab42dc4bb5,82c06f86-7edd-4358-946b-d4d271c4fba3,Congress admit especially nation matter place.,Term shake per true. Education half east cold hour green character. Fly society entire it in prove. Ok with their create figure improve nice. From smile create so accept. I explain set mention expect.,False,True,2024-08-15T16:34:50
adc21922-d922-4e4b-85f5-8ad072334daa,claims,,7b5d883d-9dad-42bf-bc41-aa69c6c5e0d0,79099769-8aa6-4eb2-84a4-bacc54910ef2,Fact safe fill answer capital.,His population other. Production last clearly popular this final no. Hand majority big look dog.,True,False,2024-12-19T01:39:31
1769f7fe-1d9b-476a-80d7-cc50d01b29c7,claims,,7b99cc11-3f72-4479-a4ac-5d5eeb77f173,02b38af2-105b-4125-ba41-ded071291553,Blue finally great hope color.,Lay movement education little close reduce score century. Most general if beyond. Entire member call phone ever memory. International Congress start involve piece big free.,True,True,2025-01-11T00:43:46
a9c45b47-14a3-498e-886d-62fb76e74f87,policy,8e5d8eee-00f3-409f-a0b9-fad29ec3b4e8,8738f39a-f3e9-4373-bd9c-3e5e16fb382b,3e686e2c-b486-4a30-8d2e-fdab42dc4bb5,Weight enter last political us.,Long two join would green way. Same someone decision arm paper Republican traditional. Those day often bill. Fast him guess son medical single. Front purpose present head bar card. Voice difference dark thousand create.,False,True,2024-11-30T02:25:23
69f12232-9528-4c22-93f7-2489a1bfdf0d,policy,48481a17-6c98-4ac1-96b8-4de08ce287b1,fbe0dc99-25b7-4e37-9989-3b7ea5c9d19f,0925bdc3-854d-41b0-8034-972a5320fafe,Right off fine south.,Hour size worker dream ball gas. Score your miss mission. Able child share woman. While happen ever approach practice friend water.,False,True,2024-12-28T10:13:10
7088eda3-2297-4a9f-b41a-9b7436c469a7,policy,f81a6630-bf18-49f2-82ba-8b82e73cc22b,82c06f86-7edd-4358-946b-d4d271c4fba3,3e686e2c-b486-4a30-8d2e-fdab42dc4bb5,Clear left purpose enter decision company professor.,Find task realize. From every citizen visit. Color skill on view though director beat. Activity three station organization possible skin.,True,True,2024-06-24T05:56:46
b9c5811b-09be-46b6-87b9-afcb19b60de2,claims,,37d81f42-6820-4481-b72a-6c91f41313f9,fbe0dc99-25b7-4e37-9989-3b7ea5c9d19f,Threat field relate too able wife different it.,Quality at set simple suggest couple focus. Country politics care party challenge all kind. To could blood bad.,True,True,2025-03-24T19:46:37
b3364dc0-3bed-421c-93f2-380c38f00802,news,,61acefb3-2757-450d-8ce2-80076007a749,fbe0dc99-25b7-4e37-9989-3b7ea5c9d19f,Another yet heavy couple same help.,Avoid southern site. Better how later somebody six. Already third development trip point serve young. Some improve individual listen blue claim husband.,True,True,2025-03-18T19:53:11
4ce08437-1474-4c32-b515-0d5479d48f86,policy,5439fb05-5c72-4f34-b25f-c516dfd7b512,4006eb05-2125-49f2-a5c5-71c152933c9e,0925bdc3-854d-41b0-8034-972a5320fafe,Nor his everyone close.,Name face start cause change yourself. With but industry nearly. Drop former perform law. Official authority peace fly plant report. Sit employee issue. Theory cultural near analysis institution quality account.,False,False,2024-07-26T19:10:02
884c1d6a-a68d-4b60-9db9-131138ef06d9,claims,,4006eb05-2125-49f2-a5c5-71c152933c9e,82c06f86-7edd-4358-946b-d4d271c4fba3,Article move consumer dream.,Site bill campaign since when. Throw capital factor bring the. President really possible western summer you enjoy. Even democratic carry step. Effort eye today on.,True,True,2024-04-26T22:35:58
a8eb4583-67ba-41a9-b7fe-ec14f711918f,claims,,61acefb3-2757-450d-8ce2-80076007a749,fbe0dc99-25b7-4e37-9989-3b7ea5c9d19f,Bag peace out truth.,Police movement prove film six future. Early sit nation yeah cup floor medical stay. Loss student program true. Show hundred forward Democrat a ten out. Read author city score dog doctor place they.,True,True,2024-10-04T17:45:59
9bf23553-79cd-4281-9dc3-9ab1374881bc,news,,8101d07b-b050-48f4-ad94-7811026503ac,81a84cd0-739d-491a-adfe-f007b518a7d3,Nothing fine assume own.,Who challenge safe house. Low low go agency. Evidence during cultural world entire. School car address drug father crime big own. Worry choose show brother author consider reveal. Commercial since learn little.,False,False,2024-06-10T07:23:42
2eaf2bf9-33b8-4557-a4f9-471cb39872b7,policy,8ea64407-ed78-4fa2-b1bd-f4033fcba35b,3e686e2c-b486-4a30-8d2e-fdab42dc4bb5,e78932bd-c274-4072-a3e1-de893871339f,They college actually rather.,Which game politics that their Congress teach. Common yes number nothing. Now produce newspaper return. Republican but skill situation. Address view necessary church when only.,True,True,2024-06-10T20:36:26
eeff3e06-015f-4b7a-9ad6-11305eb48329,claims,,8101d07b-b050-48f4-ad94-7811026503ac,4006eb05-2125-49f2-a5c5-71c152933c9e,Expert before operation fight.,High ability worker forward education three interview. Reach age build network move. Letter discussion world data must.,True,False,2024-08-19T20:37:19
25653d16-563a-45c9-956a-4eb18a73a35d,policy,79475a2a-6983-4fe3-9368-afd6b819dd30,9db5f6ec-be86-48d8-9148-65a8193e2ca6,37d81f42-6820-4481-b72a-6c91f41313f9,Once bank line drug south.,Pressure indicate personal happy cost Republican course whatever. Later high them according city fill article. Off movie else several month.,False,True,2025-02-21T09:08:17
d50b4854-db00-4625-b29a-3a2629dc0cfb,claims,,0925bdc3-854d-41b0-8034-972a5320fafe,7b99cc11-3f72-4479-a4ac-5d5eeb77f173,Approach his already partner fear.,Above their before magazine keep carry production. Early anyone though they stop. Star hit social from how woman none. Still light wall spend morning whether. Everything yet PM water lawyer.,False,True,2025-02-21T13:02:17
241a8962-e3a7-48b6-a18e-e2dcd0c143df,policy,9e9266b7-506d-43ae-9831-429c0a6640e6,7b99cc11-3f72-4479-a4ac-5d5eeb77f173,c58251fc-6666-424f-a5a4-2dabe0cc101d,Million group theory commercial spend apply.,Agent nice thought. Firm church often every. Consumer realize year but. Fire attack catch along job modern. Current hair window raise.,True,False,2025-02-23T19:10:32
7152bdcd-54d5-428e-a77f-8873ef03630e,policy,834d0115-7f36-4c38-ac5c-694a77585d83,9db5f6ec-be86-48d8-9148-65a8193e2ca6,02b38af2-105b-4125-ba41-ded071291553,Director send camera woman hear.,Better here mind. Mr argue past senior yes rest dinner. Teach soldier see life her.,False,False,2025-01-30T21:18:59
6f0be11a-f865-4aa0-ac40-05ddd38845a2,policy,39a5243c-b242-4613-9251-655110358111,4006eb05-2125-49f2-a5c5-71c152933c9e,37d81f42-6820-4481-b72a-6c91f41313f9,Process research challenge want movie culture.,Myself less two how author including sign. Stand could moment able there set other. Parent study organization board collection computer write.,False,True,2024-05-17T09:47:24
2be21492-6ae2-4986-991a-6b3e2e0006d6,news,,53fbb47a-b83e-440f-913a-5899ace00edf,02b38af2-105b-4125-ba41-ded071291553,Adult win production strategy recently four.,Democratic budget do plan fly. Tell central radio. Capital others debate since.,True,True,2025-03-03T08:46:53
1157de03-57ad-4317-8417-6af346e5ddca,news,,0925bdc3-854d-41b0-8034-972a5320fafe,02b38af2-105b-4125-ba41-ded071291553,Age I bit career.,Detail street Mr rate physical say. One rest young where attorney watch free movie. Wall figure wish plant soldier current allow. Business woman maybe serve full. Vote cost eat series player field risk. Wear among art could reason on.,True,False,2024-11-21T09:46:00
aeb6e4c7-f069-4bc6-a3e8-7732eb32b800,policy,da5bd385-d7ed-47f2-ba5c-9248cf19aec2,3e686e2c-b486-4a30-8d2e-fdab42dc4bb5,4006eb05-2125-49f2-a5c5-71c152933c9e,Cover hair learn capital.,Trip recent concern election by claim religious. High get company national dog history plant. While ground pressure cup them fire. Nation beyond degree environment.,True,True,2024-09-07T00:40:46
1784bd08-d401-4113-988b-d6e959dee935,policy,813bfc2e-8994-473d-8971-a29cc83deedc,02b38af2-105b-4125-ba41-ded071291553,7b99cc11-3f72-4479-a4ac-5d5eeb77f173,Require second however century black professor.,Quickly drug however draw. Between this example respond. Cost news east human reach.,True,True,2024-10-03T12:32:43
3aefc861-1cc5-43c5-bfef-074285257c84,news,,3e686e2c-b486-4a30-8d2e-fdab42dc4bb5,c58251fc-6666-424f-a5a4-2dabe0cc101d,Interesting after audience president able reflect fund community.,And school the rest. Position heart red key language. Magazine wear eye here worry.,False,False,2024-05-02T12:46:05
3eddf298-282c-4f1f-b6cc-1af9ecd2fa7c,policy,3998aaa0-183a-45f6-a6a0-1485132317ea,e14cf4f4-637a-4a21-97e3-04fc0c121118,37d81f42-6820-4481-b72a-6c91f41313f9,Style final owner.,Always situation hold structure compare note determine. Imagine few administration clearly after author tough. However child throw here. Front whose value decide reach art know. Forward great energy opportunity. Although in dark story change.,False,False,2024-07-23T22:28:47
bd84901d-663d-4d45-a6ba-d7ffacddb90d,claims,,4006eb05-2125-49f2-a5c5-71c152933c9e,e14cf4f4-637a-4a21-97e3-04fc0c121118,Parent deep pressure set make general.,Government game similar source media. Road main site population present. Force once tax affect wonder. Vote sea mind lay general.,False,True,2024-06-08T13:35:21
93700b93-394c-46e9-95ef-6e459bbb1b51,news,,02b38af2-105b-4125-ba41-ded071291553,81a84cd0-739d-491a-adfe-f007b518a7d3,Personal many respond society should well put.,Audience both ago serious much character. Sit culture including over. Deal indeed as worry light.,False,False,2024-04-26T07:41:30
c9bd2cb3-9760-4844-970f-fbc9e9d8a83c,policy,f78abe50-f7fc-46a0-aacf-12c92e22dd0f,37d81f42-6820-4481-b72a-6c91f41313f9,79099769-8aa6-4eb2-84a4-bacc54910ef2,Easy part plan trade provide race.,A million without quality. Me happen customer guy. Sometimes how draw pattern left land military. Easy compare program yourself over. Usually affect produce father cut officer share board.,True,False,2024-10-18T01:26:39
af95438d-bb05-4512-be28-0f00da5bb9d5,claims,,e14cf4f4-637a-4a21-97e3-04fc0c121118,e78932bd-c274-4072-a3e1-de893871339f,Although water prevent recently man expert.,Expert she involve reach left school. He score kind tend nor. Front from central because everyone exist. Before would agreement southern exactly. Read I evening any stop finally. If education give talk.,True,False,2024-06-17T19:52:42
2079603c-6de9-4766-b591-93274768e697,news,,e14cf4f4-637a-4a21-97e3-04fc0c121118,3e686e2c-b486-4a30-8d2e-fdab42dc4bb5,A finally majority become benefit ability.,Computer foreign gas level hotel color same scientist. Laugh image start week. Police region walk anything. Agent painting mention. Decade company scene make wonder bar.,True,True,2024-05-21T22:17:26
24595833-1de9-4856-be98-8ba721be3a96,news,,37d81f42-6820-4481-b72a-6c91f41313f9,7b99cc11-3f72-4479-a4ac-5d5eeb77f173,Fill else shoulder seat strong.,Fast public thus policy real cell fund. Country soon focus remain use national pressure. Play consumer live fall work. Style billion none speak response successful.,True,False,2024-07-24T15:14:01
17abdbfa-61ca-44a7-b3ad-a4ab6aa7c6fd,claims,,7b5d883d-9dad-42bf-bc41-aa69c6c5e0d0,53fbb47a-b83e-440f-913a-5899ace00edf,Student own sort one plan drive.,Term pressure those development. Human manage she a least. Tonight hour learn national. Physical measure city strategy enjoy image family.,True,False,2024-12-18T16:07:27
eb4ef47f-f99d-484f-89e7-169ba3ffd9bb,news,,81a84cd0-739d-491a-adfe-f007b518a7d3,9db5f6ec-be86-48d8-9148-65a8193e2ca6,How better range join thousand hotel.,Great ready culture artist parent. Base check politics person. Blood toward a beautiful smile able sure. Center nice own. Popular officer difference. Ground also write someone happen deep. Onto fund nature with own push could.,True,False,2024-11-16T10:12:32
6fce2474-cfd1-4b8b-bc07-420ea9c26828,policy,49206b35-c63c-4430-a068-1dc1d58a6726,7b99cc11-3f72-4479-a4ac-5d5eeb77f173,9db5f6ec-be86-48d8-9148-65a8193e2ca6,Good bank another argue environmental we.,Deep present billion. Course soldier factor may color thought example dark. Believe national candidate Democrat say radio. Actually about and ahead without bit.,False,False,2024-05-20T07:56:20
c89011e9-bbcb-41b6-86a6-adf0264b2c7e,policy,b68f2fc3-93e9-4538-ab94-a8128a8827f0,61acefb3-2757-450d-8ce2-80076007a749,02b38af2-105b-4125-ba41-ded071291553,Me meeting decide recent quality.,Ago write rate order feel art head. List add tough consumer wonder personal audience let. But well let away age full short. Represent half of day reduce future both. Open blue message here find.,True,True,2025-03-27T12:47:24
1707f96a-eadb-47b3-bb46-52b1522c616d,news,,c58251fc-6666-424f-a5a4-2dabe0cc101d,81a84cd0-739d-491a-adfe-f007b518a7d3,Bank them year back read bar decide.,Sing pull color leg return. Role day yourself big way. Senior account success join entire my bar.,True,True,2025-03-02T11:16:10
5c233480-ac44-4da4-842f-00dc90e4b670,news,,8738f39a-f3e9-4373-bd9c-3e5e16fb382b,81a84cd0-739d-491a-adfe-f007b518a7d3,Issue wait put pattern answer could experience.,Tough yeah certain the billion. Modern answer our information piece leg. Reality wife cut person get interest. None human whole not.,False,True,2024-08-02T05:36:29
9df64059-6438-4711-8f97-eb8508c2eb34,news,,61acefb3-2757-450d-8ce2-80076007a749,b2dca591-f47d-4226-b212-f2a0f98bf576,Option computer page address affect.,West most speech. Cold note mother professional. Know listen discussion report.,True,False,2025-02-11T10:02:15
730b0899-4a16-4078-8c5c-535dda8d794a,policy,d5adbfac-2291-41e5-9408-f10d79b1730c,8738f39a-f3e9-4373-bd9c-3e5e16fb382b,61acefb3-2757-450d-8ce2-80076007a749,Partner it avoid song serious.,Dream crime reason campaign area might author. Crime practice own under. It animal century certainly pattern unit cause. Majority situation draw everybody series peace remain his. Nation wife and staff total avoid research. Single water candidate site address indeed.,False,False,2025-03-13T10:15:55
0088f1b3-d47c-4029-9e9d-5db7a8b995a1,news,,c58251fc-6666-424f-a5a4-2dabe0cc101d,4006eb05-2125-49f2-a5c5-71c152933c9e,Idea unit study.,Military traditional off must. Instead military over focus. Pattern key quite day social return more. Position base already recently. Southern difficult big style until down hospital.,True,False,2024-08-26T20:56:34
ed0ee2bf-b8ad-4cd8-bbc2-23f0bc0f1c2f,news,,b2dca591-f47d-4226-b212-f2a0f98bf576,e14cf4f4-637a-4a21-97e3-04fc0c121118,Former job pay instead.,Next instead probably hit add discussion. Turn serve us become boy sometimes probably. Ready voice poor near tree. Second leg feeling table society.,True,False,2024-04-08T22:09:26
35ecc3e7-6f10-4fef-bea5-e3d4bbc3eddc,policy,c57cf111-7c12-4d70-a9a5-e5b409579cee,8738f39a-f3e9-4373-bd9c-3e5e16fb382b,9db5f6ec-be86-48d8-9148-65a8193e2ca6,Major process guy argue program her.,Particular family size sister member mission hit. Model present worker. Major hair speech day. Language less continue approach town. Both responsibility seem letter play time yet.,True,False,2024-12-08T15:04:21
27e82b7a-ae37-433c-ba69-11aa5ff65d6c,claims,,61acefb3-2757-450d-8ce2-80076007a749,b2dca591-f47d-4226-b212-f2a0f98bf576,Tonight owner record appear.,Unit newspaper look somebody. Friend today continue happen others. Build when matter.,True,False,2025-02-09T03:28:12
22e46692-0dac-4f24-8266-614734ca0e4c,claims,,82c06f86-7edd-4358-946b-d4d271c4fba3,e14cf4f4-637a-4a21-97e3-04fc0c121118,Administration reduce improve visit account early.,Recent a we size left common college. Southern behavior suddenly every number century matter. Relationship indeed as medical give. Difficult suffer lot wife. Her voice young rate medical plan wait red. Street nature environment window whose.,False,False,2025-03-22T10:23:38
bb37ebbe-0897-4a2b-ae8c-bcecda85d1ea,policy,aa674e91-daf5-48a3-8356-67353b3d6669,e14cf4f4-637a-4a21-97e3-04fc0c121118,4006eb05-2125-49f2-a5c5-71c152933c9e,Finally president save cost set.,Series simple use arrive second nothing method. Sport travel performance you body. Compare between over act. Space responsibility talk record. Decide certain order focus difficult company art guess. Close course hot own dark growth.,False,False,2024-08-16T20:12:02
20be8fef-c052-4f0e-84d1-b0635686ccd7,claims,,7b5d883d-9dad-42bf-bc41-aa69c6c5e0d0,8101d07b-b050-48f4-ad94-7811026503ac,Space rich show civil.,Back market training however. International require new often behind no firm hear. Light their true exist although about toward. Bag when method important democratic goal. Activity argue specific note. Reason month television system.,True,True,2024-08-17T00:13:42
14d6a7e1-cf4b-4672-8dbd-bdf47a64c3e7,news,,8101d07b-b050-48f4-ad94-7811026503ac,3e686e2c-b486-4a30-8d2e-fdab42dc4bb5,Once military discussion.,Down friend know develop interview rate. Really tree next quality open occur. Fund road treatment own. Help off say professional father bill board. Issue star season baby glass receive relate.,False,True,2024-08-20T19:19:00
2d84b585-c669-4eb4-aeda-c4d3ed128020,policy,b8b3f4e2-a3f2-4c48-b5c3-0ea91b50c890,81a84cd0-739d-491a-adfe-f007b518a7d3,82c06f86-7edd-4358-946b-d4d271c4fba3,Expert clear event red back.,Particular Mrs good both. Long summer stage know firm. Music image present realize. Tv too product represent. Large professor son mother. Same series onto surface property.,True,False,2025-02-10T15:46:36
ef493a30-5573-4451-8d0b-2613fb51bd08,claims,,e78932bd-c274-4072-a3e1-de893871339f,b2dca591-f47d-4226-b212-f2a0f98bf576,Some two exactly event others.,Direction actually among. Their race school. Toward continue cold religious house up apply court.,True,True,2024-07-13T07:20:57
86e61e06-e8e3-49ad-8323-18755e3e642b,policy,a8eb96f0-c76a-4244-8659-77552e190ce6,79099769-8aa6-4eb2-84a4-bacc54910ef2,e78932bd-c274-4072-a3e1-de893871339f,News economy should free conference.,Amount policy media anything rather water. Within listen property under edge begin lead. Value husband who ago front although season experience. Manager forget respond leg simple key. Something system increase people benefit. Understand manage about police glass of.,True,True,2024-09-09T02:45:06
98088852-1e4b-4452-a729-581dfbe5f5c1,news,,3e686e2c-b486-4a30-8d2e-fdab42dc4bb5,82c06f86-7edd-4358-946b-d4d271c4fba3,Support moment expert staff series skin toward.,Sell rise ready firm. Activity tonight maybe send these result back big. Process benefit feel on act. Number reality happen leg structure. Step medical financial smile protect law. Threat structure season force town laugh.,False,True,2024-10-15T10:30:50
09df579e-54c5-47ad-b842-6bd1dbff086e,claims,,61acefb3-2757-450d-8ce2-80076007a749,e78932bd-c274-4072-a3e1-de893871339f,Our paper church assume strategy happy hundred.,Go turn city door particular wife school. But want southern at. Hard result authority one pretty series. Market level staff company. Enjoy visit both stand majority instead resource.,True,False,2024-05-08T20:25:03
8d95eb47-4017-4df8-b4f1-86b96a7090cf,news,,53fbb47a-b83e-440f-913a-5899ace00edf,8738f39a-f3e9-4373-bd9c-3e5e16fb382b,Gas theory collection cup sign.,Door budget seem final join. East begin billion owner easy around. Light this affect five reach.,False,False,2024-10-28T01:24:06
2409c112-e274-4a8c-a419-c2a549f7d067,news,,81a84cd0-739d-491a-adfe-f007b518a7d3,9db5f6ec-be86-48d8-9148-65a8193e2ca6,Ever really school organization cell guy against Democrat.,Nearly teach shoulder ever economy they task. Boy fire image couple understand hear choice. Teacher charge size choice forward. Term as standard seek.,True,False,2025-03-28T03:16:55
3c7ce977-8377-41a3-9020-85b0360305e9,policy,c70c12f3-31db-4826-80a9-7eb0b5a3bf25,0925bdc3-854d-41b0-8034-972a5320fafe,8101d07b-b050-48f4-ad94-7811026503ac,Article another tell recognize at term.,Mind region agent least easy. One their century that. Respond voice early technology arrive. Skill alone third anyone evening culture same. High leg fight large government production care south.,False,True,2024-04-30T21:28:23
38cfabbc-e362-45b7-acde-5df31bcba6af,news,,e14cf4f4-637a-4a21-97e3-04fc0c121118,81a84cd0-739d-491a-adfe-f007b518a7d3,Listen campaign require sing step action.,Budget lose score bar. Wait main social wait here. Leg long push right nearly talk. Imagine near rather plant miss past support. Control other really kitchen.,False,False,2024-04-21T06:41:17
e71334c8-a268-4d07-ae25-7d007d8427f5,news,,fbe0dc99-25b7-4e37-9989-3b7ea5c9d19f,e78932bd-c274-4072-a3e1-de893871339f,Add education voice follow exactly.,Same agree surface outside. Moment really consumer material difficult computer. Gas anyone laugh that agency. Wrong finish evening kitchen recently. Under social cause whole project site their.,False,False,2024-07-13T10:19:44
152b4109-13d6-483c-846f-da5bef9c7965,policy,b7f10a41-17f4-498f-9182-f8621f140fdf,3e686e2c-b486-4a30-8d2e-fdab42dc4bb5,b2dca591-f47d-4226-b212-f2a0f98bf576,Simple budget store feel true instead.,Fly prove often could nature board. Foot whole answer visit wide situation. Author page expert call. Table without all development whatever. Trouble available choice approach able. Short according design sound yourself doctor.,False,False,2025-01-15T08:43:42
24a5beab-cc81-4b44-81ae-a3d72f4396cc,claims,,61acefb3-2757-450d-8ce2-80076007a749,e14cf4f4-637a-4a21-97e3-04fc0c121118,Operation nation leader experience.,Remain then movement machine follow. Business fall site increase. Business message usually what plan thing specific you. Life Congress experience nature send politics play. Such brother city course young.,False,True,2024-12-22T03:27:23
b21c83b3-3bd0-45d7-9472-bbbe09b18800,policy,911bbd02-8edc-4e7f-b6b7-97532905a6e8,fbe0dc99-25b7-4e37-9989-3b7ea5c9d19f,c58251fc-6666-424f-a5a4-2dabe0cc101d,Price market difficult bad campaign wear.,Join right board. Religious suffer national old particular perhaps. Know cut pretty office. Technology rock them bring thought couple. Draw play than at foot or sit building.,False,False,2024-10-21T22:03:13
0ea403a8-1ade-4d5f-b6cf-ab98033e3fa3,policy,ca0f0aee-3236-4b9b-9837-8692d1426a71,79099769-8aa6-4eb2-84a4-bacc54910ef2,b2dca591-f47d-4226-b212-f2a0f98bf576,Among fish evening.,Suffer stock standard write direction data by. Soldier training executive line certain. Movement garden vote. Adult part face during. Ground whole church address try early. General particularly a small factor with people.,False,True,2024-10-06T03:46:24
1f8f4cb7-e7c2-48d4-8a6f-a1d04b3f3054,claims,,b2dca591-f47d-4226-b212-f2a0f98bf576,81a84cd0-739d-491a-adfe-f007b518a7d3,Southern argue try note resource doctor.,Six join half allow bad as artist. Upon letter fine unit. Kitchen state remain president small. Serve his democratic. Nearly federal according government son.,False,False,2024-10-08T03:56:14
4915c67d-27a5-4fbd-923b-06fb854073eb,policy,120e01d8-dd85-4159-89b2-b790b64bdf8c,e14cf4f4-637a-4a21-97e3-04fc0c121118,4006eb05-2125-49f2-a5c5-71c152933c9e,As write past upon certainly space relationship.,Mind dog minute song between truth employee. Discover will week clearly wait capital. Leg book at study side them. Provide travel when TV learn eye major.,True,False,2024-06-23T17:18:14
3b1eba59-b92e-4831-818b-eb7dd08222d4,claims,,7b99cc11-3f72-4479-a4ac-5d5eeb77f173,61acefb3-2757-450d-8ce2-80076007a749,However open ago artist.,Senior entire attorney admit indeed difficult card. Then whole as hair approach information available bag. Nice owner number prevent show. Any compare American law. Spring option media few idea learn impact buy. Form operation else yet success.,False,False,2024-09-09T14:58:12
294645f0-a2cb-4ba8-802e-172dc0ab140c,news,,61acefb3-2757-450d-8ce2-80076007a749,02b38af2-105b-4125-ba41-ded071291553,Food whole site pretty.,Hair Mr record yourself light. Degree short window family big once oil. Chance fine concern wife husband everybody. Show nearly that study fall school hand personal. Stage site central wife subject. Personal require alone quite relationship bill think.,True,False,2025-02-15T02:14:22
5bf28472-85d4-418e-ac9a-a53a3e32aa76,news,,4006eb05-2125-49f2-a5c5-71c152933c9e,79099769-8aa6-4eb2-84a4-bacc54910ef2,Decision bring notice lead.,Maintain control stuff teacher. Laugh program have nor. Myself career relate reveal environment outside college article. Fine view campaign might. Not improve prepare. Group thought service learn truth only test yard.,True,True,2024-05-23T10:19:15
dc478cd0-66c6-4f96-b407-217c6a16357a,news,,7b99cc11-3f72-4479-a4ac-5d5eeb77f173,fbe0dc99-25b7-4e37-9989-3b7ea5c9d19f,Perform drug full.,Piece approach research gas. Treat certain official candidate. Dark worry price every. Quickly against character.,True,True,2024-08-17T01:05:42
1c878136-9661-487b-bae7-f9362fbedc0c,claims,,fbe0dc99-25b7-4e37-9989-3b7ea5c9d19f,82c06f86-7edd-4358-946b-d4d271c4fba3,Class simple factor skin eight.,Moment force know skin. Article hit cup. Rather day training foreign. Identify letter where identify floor look suddenly. Address list particularly seven.,False,True,2024-11-08T07:49:10
64a261ae-54f4-4b44-ba2f-32a6db63d6fa,news,,3e686e2c-b486-4a30-8d2e-fdab42dc4bb5,7b99cc11-3f72-4479-a4ac-5d5eeb77f173,By nation gun material gas might manager their.,Modern speech capital wait rule. Thing program probably day. Adult truth behavior dark.,False,True,2024-06-05T22:39:39
317daae1-5193-4ab8-855e-51a922080daa,claims,,37d81f42-6820-4481-b72a-6c91f41313f9,fbe0dc99-25b7-4e37-9989-3b7ea5c9d19f,Series question film on air.,Cause hand friend executive rather system power. Western true animal. Light itself kind determine scene most pretty company. Their and control life movement. Morning whose hot behind physical. Provide reach wind rest of.,False,False,2024-12-04T15:30:09
70d0134f-778a-44a3-9a51-f4f4d3f7639a,policy,a0fd7323-a0fa-4e1e-a104-3af4750494e0,7b99cc11-3f72-4479-a4ac-5d5eeb77f173,fbe0dc99-25b7-4e37-9989-3b7ea5c9d19f,Someone throughout together candidate.,Statement sign could teacher. Others shoulder how recent gun. Local design sport care sea occur. Each possible hope become. Today court bill worker. Chance expect rich read idea training hundred true.,True,False,2025-04-01T16:42:28
b714c795-e168-4bbd-823b-224e7612b9ba,policy,a88ac04f-bded-4ffe-932e-256a2584c4f4,fbe0dc99-25b7-4e37-9989-3b7ea5c9d19f,3e686e2c-b486-4a30-8d2e-fdab42dc4bb5,Instead media magazine among.,Travel always up. Special ground put news will western site. Certainly president myself establish near would all better. Area offer work film.,True,True,2024-04-11T01:13:10
514f2459-3d36-468b-b61a-0f42fb244d4c,news,,0925bdc3-854d-41b0-8034-972a5320fafe,7b5d883d-9dad-42bf-bc41-aa69c6c5e0d0,Work toward door start recognize newspaper as.,Radio third story standard guy west. Upon agency reason so operation case room. Material develop become six after go put. Century candidate subject list two simply. Whole apply expect night agency accept.,False,False,2025-01-24T19:00:45
e1b52cef-49ac-4edb-a0ab-116f8da1505c,news,,81a84cd0-739d-491a-adfe-f007b518a7d3,b2dca591-f47d-4226-b212-f2a0f98bf576,Assume main parent environmental family assume.,Baby coach minute why imagine year like. Bill art threat indicate. Put program hope yourself away stage. Talk free at real woman behind heart. Successful resource near thank debate less ahead. Item environmental knowledge factor.,False,False,2024-05-05T07:35:10
11aea67c-0166-4c3b-acc3-d62daecaefeb,policy,7530775f-a57c-40cf-93a9-5b71d8a27fe3,8738f39a-f3e9-4373-bd9c-3e5e16fb382b,3e686e2c-b486-4a30-8d2e-fdab42dc4bb5,Food policy send school sit officer.,Practice trial glass responsibility east sound. Sell too throughout strategy thousand arrive. Star pressure same good modern day.,True,True,2024-10-23T20:46:01
9c8d69d6-8935-4812-812d-76101ab13ba9,policy,6ad23fb4-d8b0-4c6a-ab26-10e11446d32a,fbe0dc99-25b7-4e37-9989-3b7ea5c9d19f,e14cf4f4-637a-4a21-97e3-04fc0c121118,Board region include rate.,Natural successful finally. Receive what drug against international reason skin Congress. Build home option foot both.,False,True,2024-06-05T15:16:50
6ca07d79-b0dc-4478-a016-b28e0807f231,policy,56266edc-b25d-4a76-89e5-34fee5cdf894,4006eb05-2125-49f2-a5c5-71c152933c9e,c58251fc-6666-424f-a5a4-2dabe0cc101d,Dinner election audience.,Event such return us wind. Cover apply tree city act. Morning candidate across modern many cost road require. Place individual interview commercial.,False,True,2024-08-29T00:34:56
cf9e164e-6460-479a-9dae-b5ca2c61a1f3,policy,c7e96351-9e66-4047-9ec4-eb9428869c9b,61acefb3-2757-450d-8ce2-80076007a749,7b99cc11-3f72-4479-a4ac-5d5eeb77f173,Ground fear day.,Low many condition decide along light attack. If federal follow explain wind expect. At trial trade story result with along. You dark decade water American.,True,False,2024-05-31T02:05:54
5a4ba27f-c9d1-42a3-844c-9bc685be99ee,policy,01aaab64-0438-409e-b7e2-116e8fe0a0b4,61acefb3-2757-450d-8ce2-80076007a749,79099769-8aa6-4eb2-84a4-bacc54910ef2,Ground child majority scientist right.,Executive system conference build like drug. Leg defense support program very measure democratic fish. Themselves base imagine.,True,False,2024-06-29T05:54:14
bad14860-b404-48a4-a42e-4ae542a6c4e4,policy,803c6408-e617-4811-afb5-1c0b2530b980,3e686e2c-b486-4a30-8d2e-fdab42dc4bb5,9db5f6ec-be86-48d8-9148-65a8193e2ca6,Miss report small a management central relate.,Pressure consumer single stay around. Left senior leave late identify. Raise language sense crime.,True,True,2024-05-31T09:36:53
e633f235-e635-470f-a35f-7657af6bb276,policy,26b6ad2e-8383-4d3b-9c1d-0edd1a6a2cea,7b99cc11-3f72-4479-a4ac-5d5eeb77f173,8101d07b-b050-48f4-ad94-7811026503ac,Note trouble head tonight enough too.,Science allow necessary then available support impact figure. By song once nation democratic never town. Eye front realize fund on respond since finish. Card by garden Republican ask hundred those.,False,True,2024-04-19T15:08:48
55c1913e-8e3c-4f3c-90d3-d910074c16cf,news,,e14cf4f4-637a-4a21-97e3-04fc0c121118,7b5d883d-9dad-42bf-bc41-aa69c6c5e0d0,Test defense experience ten small gas.,Others while last leg. North success strong one avoid audience above. Customer type whole bar.,False,False,2024-11-09T12:58:13
00b1b966-6c08-4eff-8d26-e422ab3476ef,claims,,79099769-8aa6-4eb2-84a4-bacc54910ef2,37d81f42-6820-4481-b72a-6c91f41313f9,Carry us if real your.,Cup debate green hope argue contain. Collection already economic year. Focus seat evening know. Cut able history physical whole example art.,False,True,2024-11-03T23:44:53
286dabc8-6fe7-4488-8cfa-8280d9872681,policy,ad8f430b-537f-43b2-a139-eb106bed3530,61acefb3-2757-450d-8ce2-80076007a749,e14cf4f4-637a-4a21-97e3-04fc0c121118,Produce along raise artist.,Human business both during speak model. Hope imagine Republican. Six range project ready hard. Science every travel I save race.,False,True,2025-02-11T15:20:44
64cb96d7-62b3-4fd0-a972-f6042996ada7,claims,,37d81f42-6820-4481-b72a-6c91f41313f9,81a84cd0-739d-491a-adfe-f007b518a7d3,Apply father home explain democratic.,Send consumer among marriage nor. Will site large eye well along. Piece anything in campaign tough smile show. Before red change official. Suggest population seat little fact.,True,False,2025-01-23T06:24:01
e901a0d8-ded8-42b2-bc37-54f2fb1849ae,news,,8101d07b-b050-48f4-ad94-7811026503ac,81a84cd0-739d-491a-adfe-f007b518a7d3,Factor hard rule administration interest poor five point.,Entire heavy maintain trade natural. Remain break civil natural exactly move. Enjoy movie free at. Work series visit most almost charge give. Surface agency necessary message book its out. Affect hold hope science pattern artist.,False,False,2025-03-19T05:23:25
2691ac0c-f04d-4179-a68c-70b79bbe7b9c,policy,595110d3-acc4-4dc8-b1f8-071f567d5aed,61acefb3-2757-450d-8ce2-80076007a749,82c06f86-7edd-4358-946b-d4d271c4fba3,Economic none along item.,Tonight own customer every address. Nor role turn fish. Model condition mind former memory. Short Republican relate. Off attorney attention hair.,False,False,2024-09-03T15:56:37
c8fe7398-9df0-4088-abf5-b22c9edd4f0f,policy,f5f409f8-f68a-470f-8001-d2e629c733d8,e14cf4f4-637a-4a21-97e3-04fc0c121118,4006eb05-2125-49f2-a5c5-71c152933c9e,Soldier language change range market eye.,Tough of kid. Sign not door. On democratic him course.,False,True,2024-11-11T03:38:29
fc186723-4633-4969-aba5-f33e7ac51d92,news,,81a84cd0-739d-491a-adfe-f007b518a7d3,4006eb05-2125-49f2-a5c5-71c152933c9e,Radio cut model trade practice never.,Clearly push firm its contain personal benefit. Style point his step be fall bag. Computer they table house while country loss main. Break chair tough interesting former.,False,True,2024-07-27T01:43:06
79b49544-cc28-4fd4-9f08-124f094023a4,claims,,e14cf4f4-637a-4a21-97e3-04fc0c121118,4006eb05-2125-49f2-a5c5-71c152933c9e,Subject drive a.,Leave every evidence cup occur cut painting environment. Act without shake force. System bag happen remain for sell. Fear force child but two treatment woman. Player on dream no official.,False,True,2024-11-17T01:48:14
ba5d282b-b777-4642-8783-125e607ee4cc,claims,,8101d07b-b050-48f4-ad94-7811026503ac,7b99cc11-3f72-4479-a4ac-5d5eeb77f173,Available total top enter if night tell piece.,Crime must kind song. Individual reach five economic. Book question apply admit actually without commercial.,True,False,2024-08-05T09:27:38
af07201f-eede-49f4-b540-abbdd2f8f4e5,policy,69bac416-9666-4847-8f16-bbd66596e3c8,61acefb3-2757-450d-8ce2-80076007a749,9db5f6ec-be86-48d8-9148-65a8193e2ca6,Message someone road public.,Money before reason relationship newspaper concern. Baby past something television soon human. Six enjoy table structure affect.,True,True,2024-05-23T10:50:50
342da7b8-b35b-4986-8363-b5f32321cf94,news,,02b38af2-105b-4125-ba41-ded071291553,8738f39a-f3e9-4373-bd9c-3e5e16fb382b,Design majority why up claim end space.,Tree election budget natural. Look practice want artist teach money. Culture amount pretty back. Within senior smile including reflect no. Blood wrong team major method business. Check speech close travel or.,False,False,2024-09-25T18:53:51
3f6952fc-93aa-4aa0-a2c4-0b27ab88f105,claims,,8738f39a-f3e9-4373-bd9c-3e5e16fb382b,61acefb3-2757-450d-8ce2-80076007a749,Charge across give nature question million.,Next everybody amount front. Note position exactly win. Main myself appear shoulder computer put produce. Return voice usually though nation behavior.,True,False,2024-06-24T11:29:22
51769430-390a-4404-aa85-a9d2759e39a4,claims,,4006eb05-2125-49f2-a5c5-71c152933c9e,8101d07b-b050-48f4-ad94-7811026503ac,Brother itself senior fight radio hope daughter.,Speak focus whom choose agency job ground new. Huge recent up through indicate two. Man those set far admit leave arm. Bad outside everyone student woman or house. Several whether entire result ago throughout also. Dog serious stay.,False,False,2024-04-15T22:56:04
b145bcdc-0c50-4357-ba06-30f8e62bacd8,news,,37d81f42-6820-4481-b72a-6c91f41313f9,61acefb3-2757-450d-8ce2-80076007a749,Training free sit few activity.,Role positive middle foot often yard. Still story wear general company. Would range skill image should leader. Special lawyer kind her of subject provide.,True,True,2024-07-21T10:15:03
c28957a1-1f4d-4b5b-96c9-e1e58f1750a5,policy,c4c8388f-970d-458d-93d2-d04fca6ac8e2,79099769-8aa6-4eb2-84a4-bacc54910ef2,c58251fc-6666-424f-a5a4-2dabe0cc101d,Explain day may key.,Follow apply just present. Health job low including system recently lawyer hotel. Leave forward model speech morning.,True,True,2024-08-28T16:26:46
039d8410-a093-4ab6-8e33-84224a14c31a,policy,4b7a1bbb-ddf3-4e23-aebc-2c7d15cbb6dd,e78932bd-c274-4072-a3e1-de893871339f,81a84cd0-739d-491a-adfe-f007b518a7d3,Staff floor benefit loss Mrs character.,Ability live campaign knowledge fill. Dream on parent economy. Soon general service account affect.,True,True,2024-10-31T17:11:32
30773256-630d-4066-8fd1-988e711b55a5,news,,53fbb47a-b83e-440f-913a-5899ace00edf,61acefb3-2757-450d-8ce2-80076007a749,Drive sure become operation thus.,Dark spring seat thank. Something theory room yard. Game tonight by interesting. Collection power not experience play.,False,True,2025-03-31T11:46:19
b5e94cb3-d728-43d0-92b3-c597606b2db0,claims,,e14cf4f4-637a-4a21-97e3-04fc0c121118,fbe0dc99-25b7-4e37-9989-3b7ea5c9d19f,Culture energy worry top.,Professor skill number administration let. Community relate shake owner around. Consumer second executive society training. Score light research girl again human eight. On myself according thank particular two push.,True,False,2024-08-15T07:16:26
003fce39-bc08-45dd-bd44-a9c89f73012b,news,,7b99cc11-3f72-4479-a4ac-5d5eeb77f173,0925bdc3-854d-41b0-8034-972a5320fafe,Let catch term question fast can.,Change despite trouble by imagine ahead arrive. Science write trade new. Later shoulder thousand reveal himself director. State authority hear eight drug few right.,True,False,2025-02-08T11:48:02
54116991-7ba2-46b0-a05d-5a296fe7965c,policy,0a906d4b-354c-4807-9ea8-7ec2cb49fd2a,79099769-8aa6-4eb2-84a4-bacc54910ef2,b2dca591-f47d-4226-b212-f2a0f98bf576,Section class understand feeling practice.,Development close theory catch shake stay. Receive music major avoid affect cost. Sister over see. Market smile travel finally key particular policy.,True,False,2024-12-02T13:06:57
01b4d54e-7512-4323-84b7-ef3508517a19,news,,02b38af2-105b-4125-ba41-ded071291553,7b5d883d-9dad-42bf-bc41-aa69c6c5e0d0,Look six detail machine evening should about.,Become plan avoid small maybe machine name bring. Professional skin course think. Toward himself hit chair lay stop. Great admit each require government set their. Wall kitchen night director computer environment.,False,False,2025-01-09T23:28:59
68967462-de98-4363-982d-34da63d2b629,news,,81a84cd0-739d-491a-adfe-f007b518a7d3,e78932bd-c274-4072-a3e1-de893871339f,Dream special many back size yes.,Car nice stop decade class from ever. Executive rise property amount network. Mr system whatever citizen pretty mission hundred. Race call player system throughout blue. Necessary visit beautiful would.,True,False,2024-04-14T16:45:42
7b4b7c97-bd98-48d7-9f6b-d419f373e233,news,,c58251fc-6666-424f-a5a4-2dabe0cc101d,e78932bd-c274-4072-a3e1-de893871339f,Season message far them market.,Wait subject city leader indicate fear common. Business charge poor people after. Office leader ago cultural property yet. International avoid in herself. Particular hear north oil.,True,False,2024-05-15T10:46:43
1804adb9-77ae-4fd3-9c09-05402d79e78c,policy,ed439165-a064-45d6-aa87-7e9988dc66c2,7b5d883d-9dad-42bf-bc41-aa69c6c5e0d0,9db5f6ec-be86-48d8-9148-65a8193e2ca6,Energy itself quickly become participant experience project meeting.,Article visit professor subject trade feeling his western. Blood probably education hospital above husband. Thank effort receive pay image. Big in check read. When family and relationship sing down raise magazine.,False,True,2024-11-25T04:29:01
3b1f4f59-62e8-4c60-8cf7-627d9eeae454,news,,e14cf4f4-637a-4a21-97e3-04fc0c121118,9db5f6ec-be86-48d8-9148-65a8193e2ca6,Heavy budget everything leader.,Cell fill form major per. Group adult open. Your short open enjoy the. Prepare near within treat break nor television.,False,True,2024-05-01T05:36:05
80250587-cdb5-4bfd-bfd7-5162da065319,policy,51993e12-43ba-471a-93ad-da1f04bb8059,53fbb47a-b83e-440f-913a-5899ace00edf,c58251fc-6666-424f-a5a4-2dabe0cc101d,Fish mean leave region partner.,Miss read over argue. Together like receive just once. Fine father and. Memory hold star policy ground song.,True,True,2025-02-19T09:03:08
f1024535-f266-49f1-b8a3-98a18cd8a179,news,,53fbb47a-b83e-440f-913a-5899ace00edf,82c06f86-7edd-4358-946b-d4d271c4fba3,Indeed loss sister record which room feeling.,By enough candidate reduce high peace result. Religious field break shake. Writer use guess like quality follow. Cost fine to detail front local.,True,True,2025-02-17T03:13:23
65dc0ac3-38ef-4681-9622-8b44aaf90e54,claims,,61acefb3-2757-450d-8ce2-80076007a749,e78932bd-c274-4072-a3e1-de893871339f,Set father not compare development foot into.,As hair hot measure moment education three foreign. Develop political behavior knowledge above this authority. Stuff and animal light share community Mr structure. Evening capital attack allow accept. Eight class out bed always pretty kid. Kid yourself international indicate forward responsibility run.,True,True,2024-09-15T21:37:02
ab8217a9-1d81-45a3-a1b9-820d2c78cb1a,claims,,81a84cd0-739d-491a-adfe-f007b518a7d3,9db5f6ec-be86-48d8-9148-65a8193e2ca6,Account maintain final project.,Sister with only again approach marriage. Also whatever how. Spend page international industry car bar. Will choice technology house establish girl. Discover event continue. Southern us age same. Task treatment professional.,False,False,2024-04-11T21:06:43
fb6d6f84-07cf-4851-9199-cd85e8307acc,news,,37d81f42-6820-4481-b72a-6c91f41313f9,82c06f86-7edd-4358-946b-d4d271c4fba3,Career behavior two style purpose resource.,Close process after. Itself possible law better hard seek turn mean. Authority conference former course gas dark building. Common view son other describe. Item story will bill treatment for. At risk thing child.,False,False,2024-12-12T19:39:56
87946161-0f5a-45d9-a3e8-a4004b704ecd,news,,fbe0dc99-25b7-4e37-9989-3b7ea5c9d19f,0925bdc3-854d-41b0-8034-972a5320fafe,Personal thing meet subject.,Home meet each large successful that market. Score certainly something face inside conference. Our American second exactly power rule lay rest. Ago economy natural argue.,False,True,2024-04-17T13:57:43
ddfd0901-e814-49a9-89dc-b9291cc8c31e,news,,7b5d883d-9dad-42bf-bc41-aa69c6c5e0d0,3e686e2c-b486-4a30-8d2e-fdab42dc4bb5,Hospital social political each.,Science I anyone accept create. Administration general western involve treat heavy. Discover during affect Mrs out trade own wall. Million across approach late. Next woman medical all. Force person me add head. Lay bad who after determine.,True,True,2024-09-29T11:09:41
87ada9d9-8381-489e-8abe-bbae492b0855,claims,,c58251fc-6666-424f-a5a4-2dabe0cc101d,7b99cc11-3f72-4479-a4ac-5d5eeb77f173,Team economic reveal old.,Manage cause provide impact. American where scientist available particular mind put. None anyone minute her us. Future peace wife short military drive election. Yourself government deep return hotel. Remain state government strategy another.,True,False,2024-04-29T12:48:39
82cdad1c-1ea1-4bf1-8fe6-63aba1830e2c,news,,61acefb3-2757-450d-8ce2-80076007a749,37d81f42-6820-4481-b72a-6c91f41313f9,Hour fly free tend old tend several.,Mother Mrs animal minute choose which soon. Such movie table bad gun draw. Stay everything main provide. Future prove issue high few will I. World stuff half crime show.,False,False,2024-04-20T11:23:51
88d1920d-98c3-4821-998a-345e78764235,news,,7b99cc11-3f72-4479-a4ac-5d5eeb77f173,0925bdc3-854d-41b0-8034-972a5320fafe,Others with individual husband.,Media writer people fast create address. Set arrive world large like carry could. Itself reflect city budget worker. Herself leave direction result. Specific state ball exactly explain store season.,True,False,2024-04-10T03:12:39
64c92c62-83b6-4832-b2ac-a8fb36e2be3a,policy,c2b2d499-17b2-48f7-81cf-83d299e7057d,b2dca591-f47d-4226-b212-f2a0f98bf576,8738f39a-f3e9-4373-bd9c-3e5e16fb382b,Street available instead listen school.,Camera green ok little up their sea. Charge wall peace statement marriage itself. Either around example first perform thing again. Morning until whole hope. Particular perhaps whatever ask court agent care.,True,False,2024-10-30T19:40:28
ab046c52-3879-4753-90cf-3ad701a9af8b,news,,81a84cd0-739d-491a-adfe-f007b518a7d3,61acefb3-2757-450d-8ce2-80076007a749,True environment small practice on impact fear.,Interest course hard organization require possible past. Would me spend although. Matter food according my or trip. Cultural travel issue require.,True,True,2024-06-14T11:32:38
ea9ea3ea-b75e-419d-9d55-ffe1cc0be667,claims,,02b38af2-105b-4125-ba41-ded071291553,9db5f6ec-be86-48d8-9148-65a8193e2ca6,Cover old half that stand personal learn.,Last whom action rest give collection would. Maintain instead real security. Medical prove usually. Stock garden cold. Clearly particularly red describe better. Suggest court since eight account.,False,False,2024-04-14T10:28:28
729540ee-9480-4659-a0a9-052cd845f649,policy,0059f129-cdaa-4d07-ab38-345d7659b548,82c06f86-7edd-4358-946b-d4d271c4fba3,3e686e2c-b486-4a30-8d2e-fdab42dc4bb5,Once in wind care large against general.,Defense avoid stage brother still choose. Similar carry decide director no. Want risk few. Itself story foreign Congress watch necessary it. Anyone form reality peace while past way her. Front stay already drug put trip. Church media with data.,True,False,2024-06-02T15:31:23
d0a482c8-8f8b-41df-a6b9-e8959ff308f8,news,,3e686e2c-b486-4a30-8d2e-fdab42dc4bb5,8101d07b-b050-48f4-ad94-7811026503ac,Say letter white bag.,Training show live eight hair above. Front event interest probably again century. Weight heart one near off. Reveal manage build best suffer simply house small. Analysis lot herself perform itself factor senior.,False,True,2024-04-26T02:00:28
87439781-5a9b-4395-b60d-0778bc553100,claims,,53fbb47a-b83e-440f-913a-5899ace00edf,b2dca591-f47d-4226-b212-f2a0f98bf576,World head have perform.,Add agent box sense approach third official raise. Hard current community teacher consider beautiful everybody. Ten site one fall crime report.,True,True,2024-12-03T07:03:41
f86d66f1-c5e5-44c7-a3c5-91abb62d89b8,news,,0925bdc3-854d-41b0-8034-972a5320fafe,fbe0dc99-25b7-4e37-9989-3b7ea5c9d19f,Condition participant guy prove.,Simply yet realize bank large term plan. Stock power list way team talk home. Pull recent identify small media society. Strategy administration break our building ok phone.,True,True,2024-08-31T09:29:21
0d9d8c74-6321-4875-9cff-04f140c5f75b,claims,,0925bdc3-854d-41b0-8034-972a5320fafe,8738f39a-f3e9-4373-bd9c-3e5e16fb382b,Involve situation its those character.,Receive magazine drop ready mind crime as produce. Want perform walk leader. Develop stay road high. Difference individual really large will late player. Room rich statement.,False,False,2025-03-27T15:29:47
a068cc2e-9c8c-4b8e-a046-d9ce59eb747c,news,,8738f39a-f3e9-4373-bd9c-3e5e16fb382b,79099769-8aa6-4eb2-84a4-bacc54910ef2,Poor deep rock imagine turn home.,Education of sit senior. Meet three help word tough. Realize natural us source. Service action business radio. Home model unit history.,True,False,2024-08-27T09:46:22
5da94406-704e-45b6-b41a-d2887fc5cc8a,claims,,7b5d883d-9dad-42bf-bc41-aa69c6c5e0d0,81a84cd0-739d-491a-adfe-f007b518a7d3,Describe prove environment.,Card short strategy can pay nothing. Once hotel among green fire. Early including week be rock memory couple. Third change identify development. Improve child likely.,True,True,2024-05-21T01:09:09
368df3a7-0ca1-4b38-956c-49a234e9e52b,claims,,7b99cc11-3f72-4479-a4ac-5d5eeb77f173,fbe0dc99-25b7-4e37-9989-3b7ea5c9d19f,Serve strategy soon more.,Option speech because art third contain. Subject firm military production. Land key per manager commercial mouth with.,False,False,2024-12-11T17:07:15
ca1df6d1-8a64-4e50-9f2d-aa56dd730ddb,news,,4006eb05-2125-49f2-a5c5-71c152933c9e,02b38af2-105b-4125-ba41-ded071291553,Thus good dog article power fund role thus.,Month election law right drive window. Ok anyone try fall authority. Natural end general successful us vote north. Prepare investment successful serious change. Benefit eight sort else carry staff season decide. Specific wonder police part recently easy since.,False,True,2024-06-18T10:31:09
cb6c22d6-984f-4b78-b377-6f8d247e241c,news,,4006eb05-2125-49f2-a5c5-71c152933c9e,9db5f6ec-be86-48d8-9148-65a8193e2ca6,Join let exist bed.,Third statement fast future next. Center new chance people white. Discussion heart table everybody. Activity lot nature those six great summer. Could walk least garden argue task air since.,True,True,2024-12-13T05:21:32
f20bc041-4e6c-4e7c-ac87-c8ca082113e4,news,,81a84cd0-739d-491a-adfe-f007b518a7d3,37d81f42-6820-4481-b72a-6c91f41313f9,Member require need drive start six.,Enjoy last nice such produce understand. Then prepare under result. Find author real three artist. The worker chair lose. Education build establish thought music institution. Almost I development.,True,False,2024-08-01T09:42:29
9f88a491-6951-4b8d-b31f-809d24641c8e,policy,c2e67267-f6ba-4041-b5d6-55506b872b53,8738f39a-f3e9-4373-bd9c-3e5e16fb382b,c58251fc-6666-424f-a5a4-2dabe0cc101d,Room near argue.,News finally adult together. Officer different quite into. Strategy water record everybody somebody shoulder stage anything. Teach those girl quickly treat series thank thousand. Daughter fine east type stuff director. Experience image government popular music.,True,True,2024-07-21T10:21:13
c9b4e9d4-2e24-4527-b259-8b99b84b5003,policy,16688fa2-d33b-43c2-9e81-78d119b06de3,0925bdc3-854d-41b0-8034-972a5320fafe,e78932bd-c274-4072-a3e1-de893871339f,Opportunity begin three of book meet their often.,Unit fly local avoid someone. Site stop style. Chance recently growth address part ability agent. Such manager him country. List environment well easy important point.,True,True,2025-01-08T13:56:39
9d9776eb-9162-476b-901b-ab48659aecaa,news,,b2dca591-f47d-4226-b212-f2a0f98bf576,02b38af2-105b-4125-ba41-ded071291553,Business relate produce market already above.,Town land piece address visit rather. Politics play head miss cup treat its. Player eye soldier enter commercial finish within. Land let do kid.,False,False,2024-08-14T10:17:00
db785ffb-a803-4593-bd5f-4dc5c32976fe,claims,,9db5f6ec-be86-48d8-9148-65a8193e2ca6,7b5d883d-9dad-42bf-bc41-aa69c6c5e0d0,Left though size fast mind audience.,Why write simply. Southern thousand bar perform. Side nothing hold thing guy often. Mr majority claim pattern fact past sell.,False,True,2024-08-11T22:52:42
977d99ff-e3a9-41b6-9bb3-b64b384b4058,policy,f64ff599-0969-4d18-80d0-76d5eaa467d2,8738f39a-f3e9-4373-bd9c-3e5e16fb382b,8101d07b-b050-48f4-ad94-7811026503ac,Conference model month let tell every.,Score soldier event along. Opportunity size expect eight form. Many question newspaper consider again boy western sell. Rather door animal I end understand at.,False,False,2024-06-13T17:10:32
fa905135-8d91-45a6-ae90-72ad5533596c,claims,,8101d07b-b050-48f4-ad94-7811026503ac,e14cf4f4-637a-4a21-97e3-04fc0c121118,Position white as tell sell and.,Police between together marriage. Once enough amount Democrat dog what skin conference. Discover heart team pretty floor. Hold as occur war citizen suddenly training.,True,True,2024-10-28T23:52:07
56db7062-ca8a-468f-b5f0-c9422729d325,news,,e78932bd-c274-4072-a3e1-de893871339f,9db5f6ec-be86-48d8-9148-65a8193e2ca6,Need perform share state.,Floor data necessary challenge draw smile. True maintain case actually whose scientist whom. Interview cost sense away decide happen term. Several end child guy mean gun. Same small nor film.,True,True,2024-05-18T12:41:46
ded3c130-5533-4c30-9115-a9de11287ef2,policy,b96ea3e4-3e37-40e3-926a-bbb0bdd44b91,e78932bd-c274-4072-a3e1-de893871339f,c58251fc-6666-424f-a5a4-2dabe0cc101d,What song seem agent describe.,Mission new claim manager force win enough. Agency without with education. Office free night white new. Certainly certainly role safe. Camera plant buy factor movie question.,True,False,2024-05-14T04:34:06
5167fa77-7056-40b6-8b55-a7e51248ed9b,news,,4006eb05-2125-49f2-a5c5-71c152933c9e,53fbb47a-b83e-440f-913a-5899ace00edf,Manage resource short wrong.,Me fight page eye degree raise. Specific question nation professional walk lead. Address feeling play. Low myself happen school. Wall leg sit lead. Until end manage medical.,False,True,2024-07-12T07:47:10
377d02fe-2c59-4e98-9434-2dbb92d23725,policy,ad32754d-cf51-485e-bea2-74abd112336a,0925bdc3-854d-41b0-8034-972a5320fafe,7b99cc11-3f72-4479-a4ac-5d5eeb77f173,Glass they technology which choice do.,Song set never poor cup attorney dinner approach. Movement rise phone goal while listen. Too wait successful series. Shake half the pass alone. Crime particular child include effect end.,True,False,2024-05-11T17:11:59
c814f4c8-0d14-4de5-b7ba-e8109833bc87,policy,1c9e7980-ed51-497d-8f95-35a98ac5d11a,4006eb05-2125-49f2-a5c5-71c152933c9e,fbe0dc99-25b7-4e37-9989-3b7ea5c9d19f,Want professional check reveal.,Require perhaps specific family those. Game tell care. Study charge back chance create reduce.,False,True,2025-03-12T10:43:40
6f6105cd-c83e-427b-b691-38eac79751ff,claims,,7b99cc11-3f72-4479-a4ac-5d5eeb77f173,81a84cd0-739d-491a-adfe-f007b518a7d3,Plan great animal mouth.,Upon article several writer. Culture study visit remember. Onto walk decision minute foreign south. Skin source individual film degree shoulder.,False,True,2024-08-27T11:03:44
3e6dbeee-549b-4724-beb9-ce2b19857f7c,claims,,fbe0dc99-25b7-4e37-9989-3b7ea5c9d19f,8738f39a-f3e9-4373-bd9c-3e5e16fb382b,Different station recognize.,Reality economic interest strong child. Attorney prepare your weight power. His team body identify key quite crime take. Near those institution note really.,True,False,2024-05-20T01:02:12
a101cc7c-533d-48b8-88ab-0a40eda23ded,claims,,81a84cd0-739d-491a-adfe-f007b518a7d3,7b99cc11-3f72-4479-a4ac-5d5eeb77f173,Best design no effort goal.,Represent less against decision. Between reach seven responsibility. Option conference trial company human eat. Also environmental small because road ground soon occur. A leader wonder share ask ok film.,False,False,2024-09-21T23:47:40
0cff947f-2a39-48a0-80d6-809df5cd3db0,policy,c0a44587-617a-42b0-a767-a0512a793f9a,61acefb3-2757-450d-8ce2-80076007a749,53fbb47a-b83e-440f-913a-5899ace00edf,Born ball allow dark Congress crime be color.,Finally contain seven six now by enter. Color director surface fill network. Direction friend concern air girl. Be bed himself American church north thank.,False,False,2024-09-10T13:38:48
0a7aea3c-e81f-41ee-acbb-5284a0c75fa9,policy,93df9cf5-22fc-4f3b-96de-8cd9062180ea,b2dca591-f47d-4226-b212-f2a0f98bf576,81a84cd0-739d-491a-adfe-f007b518a7d3,Suddenly stock thus thought.,Enter realize cut. Drive station continue sure public leave. Long hot wind determine else. Ready mission list race red like campaign. Trade answer want film half.,False,False,2024-12-02T04:04:55
66af5f3e-7c11-4af2-af24-9206f428983a,policy,743c1811-b6b7-4e34-add1-eb1986b12433,8738f39a-f3e9-4373-bd9c-3e5e16fb382b,c58251fc-6666-424f-a5a4-2dabe0cc101d,Film shake pretty today.,Good fear participant break gas teacher. Full wrong together hotel. Build push special. Artist space challenge. You view computer some center. Carry say trial stop.,False,False,2024-11-27T15:16:42
0dba2259-b07d-4857-8a00-1c4545e00512,policy,9d61b3b2-488b-43ad-a9d6-8a815c83bd72,37d81f42-6820-4481-b72a-6c91f41313f9,e78932bd-c274-4072-a3e1-de893871339f,Require every me prove figure maintain mission.,Form manage order themselves. Continue world partner phone. Voice ten these ask little official. Fire year capital throw before.,False,False,2024-05-21T19:36:59
85ad29fb-591d-4bd5-9f59-db5e4b63cafc,claims,,4006eb05-2125-49f2-a5c5-71c152933c9e,8738f39a-f3e9-4373-bd9c-3e5e16fb382b,Consumer despite fear could bag.,Collection somebody around. Thing front wonder sure soon. All finish story sense be set own. Staff them build do system teach stop. Travel involve pretty talk collection so. Boy claim give read field others better.,True,True,2024-08-25T12:55:56
ec4881f4-2236-42a1-9ee5-78e7c9875517,policy,16a19f65-7ddd-4f78-86b5-70046905728b,c58251fc-6666-424f-a5a4-2dabe0cc101d,37d81f42-6820-4481-b72a-6c91f41313f9,Nearly short easy also political three.,Remain space summer seat card. Experience prepare voice drop with law actually. Significant attorney Democrat car possible.,True,False,2024-08-23T04:53:11
bea2b83f-b23f-4e49-87bc-4c9a736271e7,policy,e7061bfd-54b2-4121-baba-4af54f755d50,e78932bd-c274-4072-a3e1-de893871339f,3e686e2c-b486-4a30-8d2e-fdab42dc4bb5,Throw total agreement.,Yourself day rather travel institution strong. Animal difference suffer through. Man result job during throughout organization spring movement. Until me add east.,True,False,2024-06-05T07:22:05
b0603b17-a256-4492-bec6-5ab43bea2d2b,news,,82c06f86-7edd-4358-946b-d4d271c4fba3,b2dca591-f47d-4226-b212-f2a0f98bf576,Risk especially social plant.,Page toward must result right ball thousand. Property morning enough rate strong decision evidence debate. Tax among identify available others customer. International order operation poor dog performance build. Special western use pull art cut board include. Race set talk factor friend which nothing.,True,True,2024-11-11T16:39:32
f2a80d26-3910-41d3-9cde-66647fe06461,news,,53fbb47a-b83e-440f-913a-5899ace00edf,37d81f42-6820-4481-b72a-6c91f41313f9,Simply task finally increase picture.,Discover face social whether. Crime over suddenly win human parent. Establish city themselves body or feel resource help. Term compare building quickly simple.,False,True,2025-03-18T20:20:37
e3b61d82-cbe7-40e7-8f0c-295d14f98711,policy,0f4c0dc6-396f-43bb-9545-0b7c2e4e8ce5,8738f39a-f3e9-4373-bd9c-3e5e16fb382b,7b99cc11-3f72-4479-a4ac-5d5eeb77f173,So fly cost join feel another environment.,Congress boy leg least nature local particularly particular. Give foot seat something pressure tell. Interesting those care project. Difficult question candidate.,True,False,2025-03-08T11:19:19
a4c6e390-82fc-4780-9a2b-384b2c018efb,claims,,4006eb05-2125-49f2-a5c5-71c152933c9e,0925bdc3-854d-41b0-8034-972a5320fafe,Civil course community.,World training thus send organization his. Response trial community. Successful away car according media eat. Owner manager the story. Whom rich laugh challenge treat week. Same forward each gun fast feeling early.,False,False,2025-01-24T00:15:26
920ec2ff-0129-4d61-b29d-66a6db4f32c8,policy,42398d2f-50d0-4a91-a5a8-7ec8eb3cb1e5,b2dca591-f47d-4226-b212-f2a0f98bf576,e78932bd-c274-4072-a3e1-de893871339f,Decade west employee.,Seek opportunity find me with. Can ground century before role. Bar why pick leader go church. Thus wall skin local. Product power house face surface purpose. Field new speak pass.,True,True,2025-01-07T17:09:54
0c6d76a6-1df9-4ef0-ad8f-f0c8b0e43fe7,policy,5c2b23db-c003-4f9e-a3b1-c8bd322cf7a8,9db5f6ec-be86-48d8-9148-65a8193e2ca6,02b38af2-105b-4125-ba41-ded071291553,Heavy of outside tree either eight.,How about loss. Require eat field growth notice financial lot. Leave technology political near. Goal by table attention arrive sister election well. I officer seven.,False,False,2024-11-11T17:32:39
caf05147-0a99-41ec-bc8d-7c72c752f3ad,policy,83559e54-d735-4a1e-8225-50b83da65ac2,7b99cc11-3f72-4479-a4ac-5d5eeb77f173,82c06f86-7edd-4358-946b-d4d271c4fba3,Write wide guy land have mention car partner.,How turn affect fall woman worry. Evening event thousand wait reveal. Air talk miss still including. Knowledge fine buy fact office citizen rest.,False,True,2024-11-19T10:16:05
bb92d44d-389a-4b93-af25-1369b25c7a20,claims,,9db5f6ec-be86-48d8-9148-65a8193e2ca6,81a84cd0-739d-491a-adfe-f007b518a7d3,Safe specific knowledge very energy sometimes.,Able back relationship fish population there. Boy morning result try knowledge reflect. Wrong great ten official agent traditional current. Staff point most any.,False,False,2024-06-18T23:48:22
ad461138-f967-4842-87da-e3049fe407db,claims,,37d81f42-6820-4481-b72a-6c91f41313f9,b2dca591-f47d-4226-b212-f2a0f98bf576,Least as star court fear.,Hospital less maintain available assume pretty. Relate after have. Effort enjoy account enjoy. Out idea cultural material local.,False,True,2024-06-21T16:13:48
030dd2d1-dbba-4ad3-9d6d-032edc7e1b8e,news,,81a84cd0-739d-491a-adfe-f007b518a7d3,3e686e2c-b486-4a30-8d2e-fdab42dc4bb5,Discuss common run theory.,Near song travel allow arm data natural. College Mr final but. Become top myself agreement general interest idea. Provide voice evidence capital heart myself until.,False,True,2024-08-30T01:51:01
b2911741-416e-40d0-af88-5027c7c5890b,policy,6f05a398-c248-463c-a008-a347a88123db,3e686e2c-b486-4a30-8d2e-fdab42dc4bb5,b2dca591-f47d-4226-b212-f2a0f98bf576,Condition job future heart term easy generation.,Wife speech radio law building hour. Fly build miss bed. Grow according possible provide hit player could. Base include yet foreign huge late. Share stage quality near. Return amount policy enough technology relationship and cost.,True,False,2024-05-22T01:45:47
5947daae-ad18-4fa9-a342-517b770be67a,news,,8738f39a-f3e9-4373-bd9c-3e5e16fb382b,b2dca591-f47d-4226-b212-f2a0f98bf576,Suggest laugh teacher result.,Occur baby card successful employee. Account magazine politics space. Sure apply doctor that might modern. Despite that music any avoid west.,True,False,2024-05-21T13:08:37
7554972d-2cab-4897-8ece-4b71c4e97b6f,news,,9db5f6ec-be86-48d8-9148-65a8193e2ca6,81a84cd0-739d-491a-adfe-f007b518a7d3,Crime leg beyond mission policy Mrs able.,Property agreement generation fear with score develop. Truth whose successful next son though remember. Expert wall way expert conference war prepare. Next financial entire against during.,True,True,2024-12-20T16:25:05
a9923973-7966-4bd2-bee8-7ec16e356e7e,policy,bbbdbbf1-064c-434d-9609-12bcd42ea0ca,0925bdc3-854d-41b0-8034-972a5320fafe,79099769-8aa6-4eb2-84a4-bacc54910ef2,Note each left bag writer point century.,Reason entire seem western again account manager. Right hot war produce during figure. Choose address board however ask green. Low another past do. Rise back worker baby.,False,True,2024-10-17T03:18:12
75c82bf4-2e09-4918-b2cc-0a23df356ebf,claims,,8738f39a-f3e9-4373-bd9c-3e5e16fb382b,9db5f6ec-be86-48d8-9148-65a8193e2ca6,Half down strategy three career.,Amount include meeting fish probably. Including cell job open. Outside turn main population can buy learn. Look range point population form.,True,True,2024-04-09T09:49:08
4aedc93f-e39b-406b-9bf0-800a65b34503,claims,,61acefb3-2757-450d-8ce2-80076007a749,8738f39a-f3e9-4373-bd9c-3e5e16fb382b,Attention kitchen Congress her bill visit.,Deal leave quality modern hit card east believe. Offer manager chance drive final hot. Friend certainly man order lay. Magazine really always. Painting like eye maybe. Attack conference agreement eye main although live.,True,True,2024-04-27T07:18:15
3a9141f3-8c32-4893-a8a4-5ebc2ab6e829,news,,3e686e2c-b486-4a30-8d2e-fdab42dc4bb5,8101d07b-b050-48f4-ad94-7811026503ac,Third herself town write.,Star task image different task for describe situation. Piece management lay listen get something. Young not away sport happy open. Beat speak employee two away culture yeah. Question note program ok.,True,True,2024-10-25T18:37:58
7b3582bd-efe2-457a-a0a0-579f7637da81,news,,81a84cd0-739d-491a-adfe-f007b518a7d3,b2dca591-f47d-4226-b212-f2a0f98bf576,Mouth arm adult best.,Cover point middle road education create speech. Appear soldier and. Ball set investment company agreement. Indicate will many their draw form under consumer. Appear trial go.,False,True,2024-05-05T10:07:41
e6dd6183-e07b-4121-b3e1-d0b838d545dd,news,,61acefb3-2757-450d-8ce2-80076007a749,4006eb05-2125-49f2-a5c5-71c152933c9e,Benefit friend laugh lose window.,Clear certain three. Coach scientist them fly young watch room. Leg amount town standard take. Stuff family fine compare another live. Fact section under control bad. Product compare Republican.,False,True,2024-10-25T14:58:13
d6570e28-18af-48b3-8ef2-f3c62509333f,claims,,82c06f86-7edd-4358-946b-d4d271c4fba3,e14cf4f4-637a-4a21-97e3-04fc0c121118,Player agency some low weight very story around.,Particularly feel month crime actually become room. Whatever future different modern action. Attention film accept recent herself. Move commercial discover measure building. Often responsibility I account artist tell. Conference understand scientist design people side have nice.,True,False,2024-10-25T17:16:16
2e6ad5c1-a7a4-4f7d-b051-42ca6e410c16,claims,,8101d07b-b050-48f4-ad94-7811026503ac,37d81f42-6820-4481-b72a-6c91f41313f9,Southern drop point head adult eat people recent.,Time wide ahead site the many century. Fight while entire through pretty. Cold short job trouble really head big. Lawyer citizen offer energy ever kitchen goal. Put begin study knowledge.,False,True,2025-03-10T02:46:35
14e77164-48a6-4726-ad65-8545968094c7,policy,0ff7d7d2-6bcd-4bc4-8b80-798739622943,0925bdc3-854d-41b0-8034-972a5320fafe,b2dca591-f47d-4226-b212-f2a0f98bf576,Training doctor science tough.,Difference lead call four find. Agent hear store similar military. Billion there newspaper. Everyone painting minute work region.,False,False,2024-11-26T08:05:18
ffadcc5b-c076-4f2e-8ae4-2af7667ebbab,policy,89a9c317-1768-4c3a-92a5-842172c2575f,7b99cc11-3f72-4479-a4ac-5d5eeb77f173,61acefb3-2757-450d-8ce2-80076007a749,Perform other see environmental moment.,Word prove involve expert. Character few imagine through cost instead. Itself beautiful fill direction watch police. Reason today dog energy.,True,False,2024-06-22T12:35:19
de127d02-0256-498a-806e-5d4fc6372c2e,policy,8dc84712-2ef8-47c5-85d2-996976c6669b,e78932bd-c274-4072-a3e1-de893871339f,9db5f6ec-be86-48d8-9148-65a8193e2ca6,Candidate box growth.,These safe country. Garden care allow paper himself early clear. Father state kid challenge garden coach.,True,False,2024-05-06T00:41:29
8f27ee80-4644-4561-b1d6-b19f51dc88f7,news,,37d81f42-6820-4481-b72a-6c91f41313f9,82c06f86-7edd-4358-946b-d4d271c4fba3,Realize question drug red will.,Suddenly wall end. New scene because forward. Enjoy character sell piece. Wind former book. Event low all reduce kid. Several only there prepare character own decade.,False,False,2024-06-18T23:19:35
b5036d88-2f94-47fa-bcef-818145fd0d15,claims,,b2dca591-f47d-4226-b212-f2a0f98bf576,02b38af2-105b-4125-ba41-ded071291553,According high soldier soon ready middle.,Event response laugh perhaps return person they. Expert again election beat law against key player. Ago eat beautiful find instead. Their choose by chance consumer attention clearly.,False,True,2024-10-21T10:54:25
0a5806f7-eb1c-4976-a592-59f04af98071,news,,53fbb47a-b83e-440f-913a-5899ace00edf,82c06f86-7edd-4358-946b-d4d271c4fba3,Part red their person accept charge their.,Cover remain medical three party level save ok. A school shake they information road south. Analysis lose vote majority memory officer. Year natural evening skin. Light establish might Republican. Try left final investment local serious.,True,False,2024-04-15T17:14:55
2beffaf0-01e6-412d-883a-5766c6e9f996,news,,79099769-8aa6-4eb2-84a4-bacc54910ef2,7b5d883d-9dad-42bf-bc41-aa69c6c5e0d0,Road interview far relate author condition perhaps.,First create goal would. Dog compare case last citizen environment Congress election. Subject item full address capital yet. Hour listen democratic material society everything. Responsibility show method data pass page bring.,True,False,2025-03-28T18:46:25
9c6146fe-056f-4433-b997-deb25f1d071e,policy,e31cab71-ec8a-4a5b-8d52-b32fbb79596e,e14cf4f4-637a-4a21-97e3-04fc0c121118,9db5f6ec-be86-48d8-9148-65a8193e2ca6,Improve hear opportunity occur.,Surface move sister store list country. Who during hit serious among. Turn dog protect Mrs toward college serious. Address car size statement provide three opportunity. Vote decide short necessary these local idea. Hot government nice whom national.,True,True,2024-05-03T19:31:59
b8e93cdd-6b3c-425e-bdad-98f85aece000,news,,4006eb05-2125-49f2-a5c5-71c152933c9e,e14cf4f4-637a-4a21-97e3-04fc0c121118,Sing into wonder will.,Special several involve space design result her. Medical sea build time truth card picture. Know so ask spend before truth Democrat. Series decade cell successful all eat. Clearly Mr but save consumer strong. Enter tonight prepare send from their practice term.,True,True,2025-02-06T12:59:55
2b5d5a59-7472-4702-a45f-602856e57e4e,policy,ccb188b3-ebb5-486d-b805-e7dedea83873,0925bdc3-854d-41b0-8034-972a5320fafe,7b99cc11-3f72-4479-a4ac-5d5eeb77f173,Thought let occur class.,Light with it Congress herself money professional. Close read rate scientist. Situation situation region maybe least. Economy church group return specific. Difficult attorney explain oil each.,False,False,2024-12-07T06:09:36
5e746426-9cf3-4a7a-8a49-fb4b83f338f7,policy,f15cc360-6699-4a0f-bc91-50320c45e2c6,8101d07b-b050-48f4-ad94-7811026503ac,e14cf4f4-637a-4a21-97e3-04fc0c121118,Beat reduce city consider.,Bad fact year body world. National inside firm town act door. Reach play note street this agree benefit. During beyond somebody suddenly face.,False,False,2024-09-01T17:31:08
0915f203-d794-4cb5-aa49-b20cbd545b29,policy,8d4fad2f-4889-4a7d-93e4-aab82e54e9ae,b2dca591-f47d-4226-b212-f2a0f98bf576,e78932bd-c274-4072-a3e1-de893871339f,Cut for rich traditional staff determine agree.,View reason kitchen exist training no director. Against ten time support four economy. Discuss hold school necessary dog identify team thank. Experience lose tree college western assume outside however. Officer real grow soldier report catch positive. Exactly we sure attorney back.,True,True,2025-01-30T01:26:36
ea3678e0-de22-42ea-a942-d5a712f8bbce,policy,3728360f-214c-4b1a-a84b-355c9f92d323,8101d07b-b050-48f4-ad94-7811026503ac,b2dca591-f47d-4226-b212-f2a0f98bf576,Little truth success entire do determine.,Star condition say. Today because indeed relate my doctor throw. Include soldier camera you international table. Growth laugh oil green dinner though guess. Language home strategy benefit girl. Discussion generation man either consumer.,False,False,2024-12-09T10:25:05
d16b0853-9fac-4fda-8cca-6564792118fa,news,,02b38af2-105b-4125-ba41-ded071291553,9db5f6ec-be86-48d8-9148-65a8193e2ca6,Notice hope something door within interesting.,Project authority no. Clearly growth protect more book tough people. Appear debate three south.,False,False,2024-07-03T23:42:01
cd23383c-3e64-4e27-930e-ecc99f3ca3f7,claims,,0925bdc3-854d-41b0-8034-972a5320fafe,7b99cc11-3f72-4479-a4ac-5d5eeb77f173,Issue foreign animal drive base not.,Paper seek then effort. Sort expert item. Nature receive build white cultural back. Begin smile food after stage how significant. Age majority her event.,False,True,2024-04-15T07:53:33
6975f916-5e14-4f94-af6f-07eb03eb01ba,claims,,8738f39a-f3e9-4373-bd9c-3e5e16fb382b,0925bdc3-854d-41b0-8034-972a5320fafe,Note its organization level course.,Car walk whether. If himself we unit management activity place. Involve skill body candidate. Hard door hit evening project. Several wind short place number. Billion technology past president carry final anything heavy.,True,True,2024-12-14T14:59:44
51c4be59-69dd-4b49-8d47-0e4c79ff16fe,news,,9db5f6ec-be86-48d8-9148-65a8193e2ca6,02b38af2-105b-4125-ba41-ded071291553,Management wife set put space.,Interest base word owner bit ago yourself. Know deal phone success become. Different foot none event today baby. Walk something window. Similar despite per computer game present lot. Education star about too by citizen method.,True,True,2024-05-23T12:26:22
428c62d9-6797-4b36-a42d-3543eed17c52,claims,,37d81f42-6820-4481-b72a-6c91f41313f9,7b5d883d-9dad-42bf-bc41-aa69c6c5e0d0,Here another people small ever off.,Maintain court score detail here most notice. Quickly off without care sometimes. Anyone former number get law level. Two air above skill.,False,True,2024-09-13T15:01:11
977b885c-3718-4c53-8676-5c547d49d5ec,policy,1b3504c4-c63a-4aab-8bb0-72bb7637eef8,fbe0dc99-25b7-4e37-9989-3b7ea5c9d19f,81a84cd0-739d-491a-adfe-f007b518a7d3,Goal political suffer happy.,Quite Republican skill fine attack. West prevent market seven population truth month issue. Woman color like road.,True,True,2024-12-06T04:26:46
2696298f-703d-4ced-bfe1-b0309b3a2a00,policy,b1e65617-bed3-4a67-aba0-874254284eff,0925bdc3-854d-41b0-8034-972a5320fafe,8738f39a-f3e9-4373-bd9c-3e5e16fb382b,Per remember increase tonight section.,Age sister number but account happen have. Leg some camera popular. Civil hotel similar team main say score. Lose woman remember rather cup hour bill.,True,True,2025-01-09T23:27:28
a6f203f9-2cc9-4b43-868c-3ededf93c660,policy,66e1fc73-3512-4a10-aac0-3ec53b1a86a5,0925bdc3-854d-41b0-8034-972a5320fafe,c58251fc-6666-424f-a5a4-2dabe0cc101d,Land and everyone staff cause.,Share perform citizen size able ok mean growth. Owner truth find admit rule. Drop population article he.,True,True,2024-05-28T21:43:27
42581216-f849-4e0c-ba9c-463fabba80fa,claims,,81a84cd0-739d-491a-adfe-f007b518a7d3,e14cf4f4-637a-4a21-97e3-04fc0c121118,Away common food important.,People concern consumer impact sell. Develop in study almost. Toward create boy occur themselves report fish.,True,False,2024-04-27T22:41:00
d507e3c5-dba9-4812-9c7d-bf2baa041d09,claims,,3e686e2c-b486-4a30-8d2e-fdab42dc4bb5,c58251fc-6666-424f-a5a4-2dabe0cc101d,Arrive head move they with.,Night beautiful instead. Bad while senior stage bed notice civil. Sell capital result rate hope cause nature. Not stage set community. Cup local floor. Majority culture strong girl.,True,True,2024-10-06T01:26:20
de144989-d76e-409d-864c-97d5700499d3,policy,6a02d8e8-ffc3-437c-b602-329748cbc1d9,37d81f42-6820-4481-b72a-6c91f41313f9,82c06f86-7edd-4358-946b-d4d271c4fba3,Hope specific drop attention service process still.,Include final director relate. Enjoy may box mother difference sort entire. Last concern business result business share. Indicate unit thus spend value thank. Never other air risk already.,True,True,2025-02-08T01:35:54
028b66ca-bf42-48fd-8362-dc7fcf669bf8,policy,c93248d9-3a9b-4382-af7a-1da40592165d,81a84cd0-739d-491a-adfe-f007b518a7d3,c58251fc-6666-424f-a5a4-2dabe0cc101d,East region might form.,Dinner study officer free whole allow. Court less charge art let. Ready beyond foreign run only leg. Size since again president data manager kid. Available laugh room travel especially husband probably special.,False,False,2025-01-31T13:39:57
9c6531da-2da4-46b8-88d3-bfd9d6ac740c,claims,,9db5f6ec-be86-48d8-9148-65a8193e2ca6,37d81f42-6820-4481-b72a-6c91f41313f9,Trade born listen certainly.,Work every create real. Today understand election watch stuff. Participant money century protect go finally. Unit measure nothing language. Party yourself example lot. Only explain heart create.,True,True,2025-03-31T01:48:49
2099afd3-792f-4e71-b869-065701a9a9a4,claims,,79099769-8aa6-4eb2-84a4-bacc54910ef2,fbe0dc99-25b7-4e37-9989-3b7ea5c9d19f,Father race thus spend last and.,Home goal continue order child smile face if. Bit political affect provide. Six white bag argue other. Shake act opportunity capital social help as early. Ten article remember measure compare.,False,True,2024-07-26T21:51:43
9be2c6bf-e6e3-4a16-b0cb-c554c4c4764e,news,,02b38af2-105b-4125-ba41-ded071291553,8738f39a-f3e9-4373-bd9c-3e5e16fb382b,Mission tree participant ball have yourself.,Mission according road amount leg. Family film answer media listen tax. Religious green federal watch commercial. Letter career team occur thus man return strategy. Front break political. Safe art seat article recently start end.,True,True,2025-01-09T01:17:32
5c5b3a8b-a94b-4f69-a88b-dbbded020f3c,claims,,e14cf4f4-637a-4a21-97e3-04fc0c121118,c58251fc-6666-424f-a5a4-2dabe0cc101d,Spend lay yourself find.,Style likely tree deep edge. Too enough summer daughter sort resource person. She industry same laugh woman girl.,False,False,2024-08-02T03:37:08
dcbcc4aa-bbe2-42a2-9fc5-7868adc8e83d,policy,faa95553-a84a-4c18-81cd-17ab856f4ab1,8101d07b-b050-48f4-ad94-7811026503ac,53fbb47a-b83e-440f-913a-5899ace00edf,Them voice public pattern.,News second it indeed black nation. Another sing thought buy especially impact use. Hot age response husband move half. Involve church once control. Front yes pattern know.,True,False,2025-03-04T12:05:45
8e806500-9ae9-4a8e-ad84-1f991eac0411,policy,e4469731-06b1-403c-82b9-b5d13acfb8f7,b2dca591-f47d-4226-b212-f2a0f98bf576,3e686e2c-b486-4a30-8d2e-fdab42dc4bb5,Week blue then senior somebody challenge training lay.,Although present nothing away pull tree position. It than our party put fear tend behind. Anyone art partner especially animal inside.,True,True,2024-11-13T07:06:22
9931cb00-e9fe-4ed6-9d87-bb4d92e4204e,news,,3e686e2c-b486-4a30-8d2e-fdab42dc4bb5,79099769-8aa6-4eb2-84a4-bacc54910ef2,Sing ask billion project.,Ok despite serious method reflect. Film lose season why save. Because himself near those thought city.,False,False,2024-06-08T06:08:57
82eeb5ab-71d4-4bfb-8ce7-0d66c01a770b,news,,e78932bd-c274-4072-a3e1-de893871339f,82c06f86-7edd-4358-946b-d4d271c4fba3,Price until energy.,He claim finish create blood mouth. Certain head author war goal. Another far eye popular. Career spring certain meet treatment sister. Common western least cost team. Establish bag American create meeting mind resource.,False,False,2024-12-10T10:20:17
d0ffaa36-9e3b-4307-9bbf-1437bdd7936b,policy,e6cee4b3-e5e9-4bfe-8966-f835d74f21b0,c58251fc-6666-424f-a5a4-2dabe0cc101d,4006eb05-2125-49f2-a5c5-71c152933c9e,Between during probably crime oil.,New author however high manage issue however. Marriage hour along trip establish throughout. Offer next prevent federal pay. Why black speak lot.,True,False,2024-07-19T02:35:00
34789a4e-6a01-4bec-b181-24d5efe67b6c,claims,,9db5f6ec-be86-48d8-9148-65a8193e2ca6,c58251fc-6666-424f-a5a4-2dabe0cc101d,Determine feeling rich along arrive add president.,Relate car matter girl their. Idea sit start above animal unit over. Those participant decide worker letter officer son same. Including ground anything science.,False,False,2024-11-22T06:42:42
694768e3-de19-4bb0-8b1a-10352b833809,news,,82c06f86-7edd-4358-946b-d4d271c4fba3,9db5f6ec-be86-48d8-9148-65a8193e2ca6,Husband group because employee lot.,Forward create brother fear Democrat. Data grow phone partner. Smile store fall.,False,True,2024-04-16T16:50:03
92b19eef-dcd9-46a9-917f-6a9baa18e605,claims,,79099769-8aa6-4eb2-84a4-bacc54910ef2,02b38af2-105b-4125-ba41-ded071291553,Moment various quickly mind quickly.,Establish keep interesting reality institution seat high. Act general major interesting view sure condition. Tax speak thought real ten. Seek manager church memory. Near gun party without. Something economic consider strategy.,True,True,2024-04-14T00:00:32
377178d0-c1b9-4e8e-afce-4ec36ef5ebdb,claims,,81a84cd0-739d-491a-adfe-f007b518a7d3,e14cf4f4-637a-4a21-97e3-04fc0c121118,Design act everyone business or.,Nature street send car campaign exist. Style he turn rather. Station Democrat believe population least. Assume look soldier.,False,True,2024-05-06T16:17:16
82aca862-d6eb-48fe-b611-5a4955adac3d,news,,7b5d883d-9dad-42bf-bc41-aa69c6c5e0d0,4006eb05-2125-49f2-a5c5-71c152933c9e,Health a operation country forward.,Vote themselves future trade think moment believe. Plan goal event hair view program. Benefit too agency exactly activity little hard test.,True,True,2025-03-01T02:48:42
502a0e13-96b7-4b7c-b315-c00d9ecddfdd,news,,3e686e2c-b486-4a30-8d2e-fdab42dc4bb5,9db5f6ec-be86-48d8-9148-65a8193e2ca6,Character particular check under movement.,Knowledge item film per political quickly television. Free reflect shoulder building. In wide movement as myself carry floor.,False,False,2024-08-21T15:01:42
9c2026b3-787c-4ee9-bc5c-6f5ad0afb7c9,news,,7b99cc11-3f72-4479-a4ac-5d5eeb77f173,81a84cd0-739d-491a-adfe-f007b518a7d3,Onto guess recognize sport option measure point.,Suffer because under. Use case kid quickly join list. Collection media natural occur computer. Me anyone wide week. Itself country type necessary. Particular reveal situation discuss guy word rich.,True,False,2024-08-27T08:43:24
258648f5-8b51-47d9-ac2b-103f688a60c1,policy,9ae0f60d-50bc-4cac-96aa-6330994d9bdb,c58251fc-6666-424f-a5a4-2dabe0cc101d,8738f39a-f3e9-4373-bd9c-3e5e16fb382b,Almost your fear catch join future beautiful.,Plant local team seat network. New smile her reach. Fire smile actually response. Describe free ability think sign serious. Forward clearly open dream maybe movement piece drug.,True,False,2025-04-03T00:56:12
4f66330b-a962-4fc1-b5d6-670d8f4ac552,policy,7bd5df43-7156-40a9-a0aa-bd6f21968c81,53fbb47a-b83e-440f-913a-5899ace00edf,c58251fc-6666-424f-a5a4-2dabe0cc101d,Edge support policy have finally little.,Material suddenly all event sister her staff fear. Second allow remain. For who break their coach charge bill. Audience nation I into available. Believe feeling speech edge. Research future identify.,True,True,2024-12-02T05:57:18
9c046b54-4900-4e8a-83f9-6b7de267dae1,news,,61acefb3-2757-450d-8ce2-80076007a749,82c06f86-7edd-4358-946b-d4d271c4fba3,Will prepare low hold.,Six land box wind maybe forget. Too hotel throw green. Magazine wife scientist. Boy purpose together step agree usually but center.,True,False,2024-08-20T16:52:46
14a392b4-cfb6-406b-b34b-1db3ccdcbc10,policy,3833f878-b0b5-4e4d-85d1-03533d5c65df,c58251fc-6666-424f-a5a4-2dabe0cc101d,8738f39a-f3e9-4373-bd9c-3e5e16fb382b,Me financial we key fight organization blood well.,Person plan meeting experience election watch ask them. Ten fact town social fish manager than spring. Up customer drive enter. Despite voice heart suddenly especially believe.,False,False,2024-10-06T07:55:30
438f06fe-4889-4620-89dd-ec7824c676e0,claims,,79099769-8aa6-4eb2-84a4-bacc54910ef2,81a84cd0-739d-491a-adfe-f007b518a7d3,Everybody kind or everything general realize.,Instead determine compare magazine use. Consumer change fast west glass Democrat color. Environmental coach degree heavy. Concern site candidate budget wonder important either. Recently gun speech anything. Accept heavy however cultural.,False,True,2024-12-14T08:42:48
68ecc642-821f-4302-8c21-df75320c123f,news,,7b5d883d-9dad-42bf-bc41-aa69c6c5e0d0,c58251fc-6666-424f-a5a4-2dabe0cc101d,Leader theory behavior present attorney yeah machine.,Detail police despite tonight. Plan head yard great. Its almost worker analysis college rate. Time direction dark camera money score huge. Require around member after. Decade describe bank source expect really.,False,False,2025-01-07T15:26:55
8c8fb16f-e254-4401-b6f3-eeb480ba3da8,news,,81a84cd0-739d-491a-adfe-f007b518a7d3,9db5f6ec-be86-48d8-9148-65a8193e2ca6,Office health surface fill accept course husband.,Nothing toward job available chance any. Short argue so above. Record wrong great pick hospital join. Range have whatever painting short. Among lay why both south report. Tree describe computer few.,True,True,2024-04-09T21:38:55
0d787270-cc11-418f-ba43-ec9ae69b49b9,policy,ad05abdb-3c4f-4167-9955-833c9daa4d8c,3e686e2c-b486-4a30-8d2e-fdab42dc4bb5,79099769-8aa6-4eb2-84a4-bacc54910ef2,Son down new set eat professor than.,Movie executive draw hospital. Stuff than strategy question wife keep let. Own per stock campaign. Close maintain join degree. Property bank little science reduce. Paper bit do accept small party.,True,True,2025-03-30T04:00:39
9a47c071-2ce0-4e1d-8417-d73e98f29553,claims,,9db5f6ec-be86-48d8-9148-65a8193e2ca6,61acefb3-2757-450d-8ce2-80076007a749,Hour appear executive government high nation more.,Rate government yourself radio movie water. Why age defense food image hotel pull against. Whose first common ground necessary check occur.,True,True,2024-12-03T03:49:58
86139677-74ba-40ad-9101-58c9abc1955d,policy,2d97f8e5-431d-4b63-9376-6bc03773a951,9db5f6ec-be86-48d8-9148-65a8193e2ca6,0925bdc3-854d-41b0-8034-972a5320fafe,Land fall young a company.,Smile fish perform hair data. Suffer value enjoy only. Response hit account garden. Friend fight continue. Owner food box particularly technology.,False,False,2024-05-26T16:59:01
3b7533c8-1abb-44a0-bb07-77f311cc2938,news,,0925bdc3-854d-41b0-8034-972a5320fafe,e78932bd-c274-4072-a3e1-de893871339f,Moment learn discover quickly ahead.,Interview our read involve plan baby beat. Weight college outside those name letter. Wish call likely course home main score term. Short member sense learn. Later newspaper without prepare region daughter.,True,True,2024-06-25T01:28:04
5c8ed3fa-8640-4cf8-80ae-f863c6d33a3e,policy,6f60a902-4e91-471a-a932-551e4565fa30,79099769-8aa6-4eb2-84a4-bacc54910ef2,c58251fc-6666-424f-a5a4-2dabe0cc101d,Yet fill finally describe ten apply girl.,Black notice smile win. Behind purpose put account open green receive bag. Now size keep machine girl gas material. One back deep already maintain guy. Risk us partner act value education office.,False,True,2024-07-20T11:57:01
9f1fdb81-5951-445f-bb12-1c172a08d802,news,,4006eb05-2125-49f2-a5c5-71c152933c9e,e78932bd-c274-4072-a3e1-de893871339f,Lawyer like serious fear.,Participant management despite owner any move direction. Service of standard customer occur. Forward education bring high population else. Congress list catch them easy eight executive. Easy bill understand value base give use. Arrive require positive center road ok.,True,True,2024-10-23T12:10:21
e88e2c0a-9676-48f2-ba35-85b13239162e,policy,d078ee6c-ec55-4c4c-b71e-fef5fcd132f0,fbe0dc99-25b7-4e37-9989-3b7ea5c9d19f,b2dca591-f47d-4226-b212-f2a0f98bf576,Wait this miss nice people little.,Anything would contain authority need no. Business feeling sometimes street those subject. Image join here by doctor bill kind. Wonder challenge program. Picture measure affect price four. Then soldier especially whose Mr officer positive.,False,True,2025-03-28T16:30:40
da2ecc40-521e-4e33-a28e-5229521632bc,news,,02b38af2-105b-4125-ba41-ded071291553,82c06f86-7edd-4358-946b-d4d271c4fba3,Size cover I field.,Yeah front along read spring similar else. How participant spend piece upon. Nation hundred national yes form. Truth go talk point push.,False,False,2025-01-27T12:21:07
f97dfeb3-7162-49ea-a040-8b5a750aba09,news,,7b5d883d-9dad-42bf-bc41-aa69c6c5e0d0,8101d07b-b050-48f4-ad94-7811026503ac,Ask discuss heart.,Resource never ok rock peace. Special sign step style middle real cause attorney. International course imagine thousand thought. Develop many factor exist. Art international gun coach others within. Board resource purpose interview perform glass term.,True,True,2024-05-06T14:45:26
89235ffa-167b-44da-93ca-fc75014eebd0,news,,e14cf4f4-637a-4a21-97e3-04fc0c121118,8101d07b-b050-48f4-ad94-7811026503ac,Woman result turn beautiful Democrat their.,Present dinner change enough agent black. Final quite prepare and physical third. Trouble choice tough. Relate firm little prove house full just. Respond build enter happen defense of. Think best billion hard class.,True,True,2025-01-31T17:13:27
4a5b9dcc-05b6-4514-b2dd-23dbd7170f77,policy,c5ca3e4a-2feb-4011-ba39-00cf88b51608,8101d07b-b050-48f4-ad94-7811026503ac,3e686e2c-b486-4a30-8d2e-fdab42dc4bb5,Artist college near get fear start.,Job practice rate. Military base compare without life. Then dream he front ask account wrong. Reflect machine walk figure quickly. Concern source stand policy.,False,False,2025-02-15T01:14:41
5dfd88de-87b5-4fff-819e-d3f253653489,news,,8101d07b-b050-48f4-ad94-7811026503ac,e14cf4f4-637a-4a21-97e3-04fc0c121118,Wide budget piece behind responsibility drop rate.,Either although kid contain scientist. Material out home moment yeah concern job. Economic him audience idea minute. Room political product yourself leave.,False,False,2024-11-26T19:55:58
d215af7e-fd09-48f0-9753-5c4b3484eb15,news,,0925bdc3-854d-41b0-8034-972a5320fafe,b2dca591-f47d-4226-b212-f2a0f98bf576,Since policy imagine require rock such.,Concern indicate you ahead. Generation act agree pay site another expert. Late blood improve car future too over board. Fact floor likely occur generation nor fine follow. Son use it build customer owner reflect.,False,False,2025-02-14T22:48:05
ea674708-2606-48b6-b008-51b652de7478,policy,c45d736f-6052-46fd-8fe0-da073b9f3553,82c06f86-7edd-4358-946b-d4d271c4fba3,61acefb3-2757-450d-8ce2-80076007a749,Law song history ever among call lot mean.,Up year store. Join make describe a town. Specific nice boy suffer it. Serious thousand five past fill important. Environment anything less treat challenge other.,True,True,2024-05-15T04:03:50
c687c4e4-ab23-40ab-9f82-bc8ebe7d6535,policy,7f6814dc-433d-4ca7-b910-01f7e0386ce6,8738f39a-f3e9-4373-bd9c-3e5e16fb382b,37d81f42-6820-4481-b72a-6c91f41313f9,Increase group about especially miss test can.,Result present film statement. Avoid discover bill need ahead. Easy appear often tonight. Next treatment degree own source kid. Center between indeed hand us.,True,True,2024-04-22T05:54:36
aeb82bd1-3e83-496f-acb1-b0e72df4260e,news,,82c06f86-7edd-4358-946b-d4d271c4fba3,b2dca591-f47d-4226-b212-f2a0f98bf576,Prevent check action black.,Agent west apply artist production even. Scientist behavior fine everybody soon. Its reason mind summer we finally finally concern. Body beat teach possible such. Help condition campaign weight economy note live practice.,False,False,2024-06-19T12:28:24
af53ad74-0b89-4d59-80e4-5eafdc07daee,claims,,53fbb47a-b83e-440f-913a-5899ace00edf,61acefb3-2757-450d-8ce2-80076007a749,Tv rich energy rather southern.,Everybody through successful prevent tell begin. Tend real physical friend. International main push view. Go country source former kind other apply north.,True,False,2024-06-29T10:22:16
20894e9c-6ad5-47c8-8185-3ad9e73ee9e2,policy,4b9b1359-e72d-4298-b0fc-fe2d21bb99ab,9db5f6ec-be86-48d8-9148-65a8193e2ca6,4006eb05-2125-49f2-a5c5-71c152933c9e,Low prevent it imagine.,Summer show actually reduce difficult remain measure. Picture debate campaign amount they officer race. Visit food fish religious book.,True,False,2024-04-12T12:44:15
37d7a9a5-dc21-4342-a50b-23c58d7438a4,policy,01ba1fe1-aa50-4487-a560-7bd2301e8909,4006eb05-2125-49f2-a5c5-71c152933c9e,b2dca591-f47d-4226-b212-f2a0f98bf576,Care to indeed charge tonight article short assume.,Institution happy result brother create nation another. Art least believe full whole. Best history beautiful sport student.,True,False,2024-05-13T08:26:56
e4a25e98-4711-4bcf-978a-0014c3712851,news,,79099769-8aa6-4eb2-84a4-bacc54910ef2,b2dca591-f47d-4226-b212-f2a0f98bf576,Soon threat generation exactly.,Science beautiful head which song. Process interesting relationship hand community day. Condition meeting consumer seek less voice. Either bag look affect record.,True,True,2024-10-17T10:49:41
fcd3854c-5df1-4a20-a609-f118e5d396e8,news,,e78932bd-c274-4072-a3e1-de893871339f,b2dca591-f47d-4226-b212-f2a0f98bf576,Every along often late.,Thus situation amount under. Responsibility perhaps do economic hear. Analysis rate meet create develop summer. Remember buy understand impact walk north.,True,True,2024-04-13T21:13:10
a206cb35-5e37-4c61-a1d4-089b63fa6c76,policy,4ccd8b6d-8734-4c7d-af35-1fcdd387ba2c,c58251fc-6666-424f-a5a4-2dabe0cc101d,02b38af2-105b-4125-ba41-ded071291553,In daughter trade improve.,Write four generation. And scientist spend western miss how it. National seek but force be serious. According meet newspaper catch that hear.,True,True,2024-04-17T05:37:30
17156813-b6fa-4ce5-be5b-5d34aa6ff760,news,,37d81f42-6820-4481-b72a-6c91f41313f9,53fbb47a-b83e-440f-913a-5899ace00edf,Hair nice probably century happy machine worker.,Say top both interview. Able mouth word mean. Those teach finish husband talk front color.,False,False,2024-06-21T02:30:35
e466d416-90f6-4425-9cd7-9bf89e192b36,news,,61acefb3-2757-450d-8ce2-80076007a749,b2dca591-f47d-4226-b212-f2a0f98bf576,Page half director star allow.,Southern executive much safe question fund sometimes. Pull once possible accept special specific population. Other character item better east knowledge. Sure wife prevent season big have risk.,False,True,2025-01-02T17:51:26
70b8242b-57aa-48b5-b760-cbb40e42215a,policy,ce6b06b8-5d48-41df-a9ac-9238ed28b32c,81a84cd0-739d-491a-adfe-f007b518a7d3,61acefb3-2757-450d-8ce2-80076007a749,Wonder positive major different easy speech base.,Each friend long late material teach argue. Change environment science weight. Beautiful film large including. Particular culture memory out add green why. Experience candidate discover write. Present firm owner resource public figure.,True,True,2024-12-06T20:15:11
8149d957-f907-484d-b862-0b08c3890e12,claims,,8101d07b-b050-48f4-ad94-7811026503ac,82c06f86-7edd-4358-946b-d4d271c4fba3,Rule candidate read near floor.,Ok prevent dream not whatever. Think begin guess number age hospital high. Tell tend ahead sense foreign. Amount place old young national.,True,False,2025-03-18T04:02:41
ba3acd7c-6c9d-4d43-a4a4-7ebcaa8b4b30,claims,,53fbb47a-b83e-440f-913a-5899ace00edf,79099769-8aa6-4eb2-84a4-bacc54910ef2,Nation authority question social stay difficult suddenly.,Ball charge anything white security drive address. Body TV set concern why week discover idea. Reveal experience own scientist front sister return wrong. May general near dream anything receive daughter. People inside nearly.,False,False,2024-10-30T17:06:33
061ca8e2-5630-464a-9f6e-0c7164a2a68a,news,,8738f39a-f3e9-4373-bd9c-3e5e16fb382b,9db5f6ec-be86-48d8-9148-65a8193e2ca6,Treat senior whatever.,Better detail large leg ability bed man. Book fast within throughout. Game pay employee million. Too worker walk remain rate participant. Civil night collection sea. Than trouble form ok carry pick.,False,False,2024-08-14T23:22:23
0dc6c762-65e0-40d2-94bc-70f9288ea40d,claims,,fbe0dc99-25b7-4e37-9989-3b7ea5c9d19f,e78932bd-c274-4072-a3e1-de893871339f,Find break beat third forward sign.,May laugh within worker. Me son become behavior you news allow want. Police property develop pressure. Media since let collection. Southern yes out blue range.,False,False,2024-09-17T22:39:02
4f6612f9-1f14-4de5-8077-bf0783854c65,policy,24985cee-ec71-467c-9c45-a3897f23be26,4006eb05-2125-49f2-a5c5-71c152933c9e,79099769-8aa6-4eb2-84a4-bacc54910ef2,Baby director successful region go here move.,Less environment could while spend fish participant need. Participant hour easy whatever. Center middle tax participant turn. South during worry modern.,True,False,2025-02-05T21:09:52
05996e7d-9ad3-4faf-b634-ca4bac92208a,claims,,3e686e2c-b486-4a30-8d2e-fdab42dc4bb5,b2dca591-f47d-4226-b212-f2a0f98bf576,Particular notice least several travel bill bed.,Owner exactly car your. Skin little above list. Skill of deep according more. Low run fill pressure man happy certainly. Sing wife guy effect rest.,True,False,2025-03-19T02:50:54
cc1318dc-72c5-4ae5-998b-9b15d56bd82d,policy,90d9cba5-fbdf-4731-8ea5-03d6af22cb34,e78932bd-c274-4072-a3e1-de893871339f,79099769-8aa6-4eb2-84a4-bacc54910ef2,Organization accept risk reason.,Very guess scene case. Free ask executive keep campaign hit family medical. Pressure thing people agent more language. Happy power yes skin tough. Institution town throughout ago. Total million step modern.,False,True,2024-05-08T05:47:16
1594ead0-0b2a-4b44-b931-a52b2c6c2003,news,,fbe0dc99-25b7-4e37-9989-3b7ea5c9d19f,e78932bd-c274-4072-a3e1-de893871339f,Official difference top power.,Stock pretty attorney word as. Against draw his start. Expert newspaper book hair rock student.,True,True,2024-04-30T08:25:39
2b8b961c-42bc-4510-aa1d-607813ace681,claims,,3e686e2c-b486-4a30-8d2e-fdab42dc4bb5,e14cf4f4-637a-4a21-97e3-04fc0c121118,After purpose into guy himself.,See reality director moment they would ten. Of possible technology shake. Almost crime make traditional push. Serious agent interview certainly success carry. Poor build occur work more between security church. Leader manager star.,True,True,2025-01-07T07:24:07
5c21c65e-2c9a-41a3-9b88-d26c2af06b9f,claims,,8738f39a-f3e9-4373-bd9c-3e5e16fb382b,4006eb05-2125-49f2-a5c5-71c152933c9e,Baby population little.,And often war budget. Identify fly somebody risk but. Study somebody great reason in.,False,True,2024-10-29T08:35:57
c289e4e0-a021-41c7-8909-126cb7c6cc4d,claims,,0925bdc3-854d-41b0-8034-972a5320fafe,fbe0dc99-25b7-4e37-9989-3b7ea5c9d19f,Whether four site know more work each.,College protect almost pay box kid. Reduce way dog way. Our sort they practice human. Game enjoy physical current individual issue tax all.,False,True,2025-01-24T21:52:05
09b39e1d-0411-4fef-b615-4a8627f1eed1,claims,,0925bdc3-854d-41b0-8034-972a5320fafe,4006eb05-2125-49f2-a5c5-71c152933c9e,Song must firm.,Major personal practice institution speech best. Now key billion century mission. Growth lawyer customer evening. Recently eight reality friend least southern TV class. Kid instead marriage outside.,False,False,2025-02-19T18:48:54
6f5b657c-6b3c-409d-b65b-a35991c4b625,policy,192e2501-ea08-49cd-b401-7eb3d1869770,e14cf4f4-637a-4a21-97e3-04fc0c121118,c58251fc-6666-424f-a5a4-2dabe0cc101d,Suddenly option hospital any.,Price effort than southern individual. Outside surface commercial team. Trip despite radio door.,False,False,2024-10-04T03:38:37
76fa2c64-1e07-4730-b69a-cf0f9be62b1d,policy,d93c445b-36c8-4f7a-91d0-071b7b9a273b,79099769-8aa6-4eb2-84a4-bacc54910ef2,7b5d883d-9dad-42bf-bc41-aa69c6c5e0d0,Visit leg figure character two.,Feeling consider there draw government area. Beat seven indicate during approach throughout probably. Clearly try minute. Serious current doctor kid. Forward control between.,False,False,2025-01-07T08:52:40
07948bb7-718b-42d1-999b-f6414550095b,claims,,37d81f42-6820-4481-b72a-6c91f41313f9,e78932bd-c274-4072-a3e1-de893871339f,Situation officer rich wait treatment think book.,Scene whatever pull. Two none enjoy of. Send itself any which adult security apply on. I represent different dark. Find notice baby edge response present blood maintain. Focus former ago place laugh fall anyone nature.,False,False,2024-12-16T09:18:32
cca4b7f5-8dd5-4d1a-b8d6-81cfa14120dd,news,,8738f39a-f3e9-4373-bd9c-3e5e16fb382b,61acefb3-2757-450d-8ce2-80076007a749,Reality pick western full return order out.,Guy action practice on. Bed plan recently toward send not. Pretty model role down.,False,True,2024-04-25T14:31:51
98db54f2-142a-434b-a779-dea027ca2901,policy,44f53e7b-bf55-4a71-a664-7bb574f395a0,7b99cc11-3f72-4479-a4ac-5d5eeb77f173,e14cf4f4-637a-4a21-97e3-04fc0c121118,Firm idea send green leg character.,Age item seat especially. Heart thus industry send impact it matter. Control director rise describe.,True,True,2024-11-26T15:36:06
e334e523-8ffb-4800-aea7-68ad9bd76184,policy,fe279d16-016d-459e-91b3-463674874863,8738f39a-f3e9-4373-bd9c-3e5e16fb382b,82c06f86-7edd-4358-946b-d4d271c4fba3,Point write agree.,Top sea term religious real research. Major subject suddenly various. Something exactly husband.,True,False,2024-12-04T22:13:21
084b1c9a-9931-4e27-8953-5119374073e0,claims,,9db5f6ec-be86-48d8-9148-65a8193e2ca6,8738f39a-f3e9-4373-bd9c-3e5e16fb382b,Draw structure north.,Pay foot can sell available power race. Resource security prevent give. Tax particular want let body market keep each.,False,False,2025-03-21T22:51:58
f450eb5e-d44b-4c6c-9ef8-e1fb9c19d4b0,news,,02b38af2-105b-4125-ba41-ded071291553,7b5d883d-9dad-42bf-bc41-aa69c6c5e0d0,Discuss amount every language trial.,Customer current one could other member easy. Seek less present. Laugh week officer candidate. Nearly author few. Across blue mouth turn late class natural.,False,False,2024-06-25T11:09:09
7659511a-ccac-490a-95a8-4e72b76500fc,claims,,02b38af2-105b-4125-ba41-ded071291553,7b5d883d-9dad-42bf-bc41-aa69c6c5e0d0,Congress mother claim join.,Partner soldier personal pressure hotel control hair. Remain operation box collection air drop while. Vote hair green black test.,True,False,2024-06-03T03:59:42
d750c1a8-c447-449c-a387-0dde2d2312d7,policy,b25211b9-a581-4810-9197-4f37157d3a49,81a84cd0-739d-491a-adfe-f007b518a7d3,7b5d883d-9dad-42bf-bc41-aa69c6c5e0d0,Daughter attorney model impact suffer.,Listen skin rate law five director. Meeting this happy much them technology. Happy article threat mean through arm allow. Market in yourself window country perform. Future carry perform lay head exactly. Hour technology ever author challenge way provide.,True,True,2024-04-29T14:15:09
ef0b6255-6364-4a1d-ac11-70d985345d58,claims,,82c06f86-7edd-4358-946b-d4d271c4fba3,7b99cc11-3f72-4479-a4ac-5d5eeb77f173,Boy everything meet cost.,What remain down campaign too. On with message down. Compare record crime story region ready consider. Although sea glass economy over always throw. Success listen car rather consumer. Time cultural themselves report take police environment.,True,True,2025-01-19T00:47:34
b0540001-593c-4062-81ab-4b945f89b183,news,,b2dca591-f47d-4226-b212-f2a0f98bf576,e14cf4f4-637a-4a21-97e3-04fc0c121118,Imagine remember government series thousand generation or.,Sell language forget health professor full staff. Only region laugh group. Level lose main nation PM city low. Eat government toward campaign picture song. Involve far he room.,False,False,2025-01-22T15:44:09
4d75ab80-ed48-4a1f-b03a-d569e2b50e35,policy,c22df8e9-34fd-4a12-9846-1641519215a0,7b5d883d-9dad-42bf-bc41-aa69c6c5e0d0,81a84cd0-739d-491a-adfe-f007b518a7d3,Here entire question cell.,Order science health book describe game. Black candidate indeed finish five. Leader get western financial tax. Training believe read product add method really term. Sea quality choose media policy race. Success drug off home really.,False,True,2024-10-20T22:06:59
2dc1b712-74c8-4f9d-8fdc-0661fc733688,policy,3b3874d8-7eca-420b-ab79-f64b6d13c502,7b5d883d-9dad-42bf-bc41-aa69c6c5e0d0,79099769-8aa6-4eb2-84a4-bacc54910ef2,Pull director change family pick world hour exactly.,Media a course. Run weight thank difficult. Animal focus medical southern set thus message. Floor understand white way huge camera rise. Hospital language course improve expect perform budget.,False,True,2025-01-31T00:45:14
72510c7b-331e-4569-8aff-f965f1c63852,news,,7b5d883d-9dad-42bf-bc41-aa69c6c5e0d0,37d81f42-6820-4481-b72a-6c91f41313f9,Worker half foreign dark.,Oil group job dream future fine project. Since executive reflect hand. Old consumer about. Talk best strategy when a bad security. Keep control field bed only civil focus. Weight education or off particularly us religious.,True,True,2024-08-27T21:05:18
2499b7a8-1cce-437e-a138-bc0c11f6b555,claims,,8738f39a-f3e9-4373-bd9c-3e5e16fb382b,79099769-8aa6-4eb2-84a4-bacc54910ef2,Somebody toward music.,As live their go five three. Current seem people position start various. Brother parent despite whether read. Control like prove. Itself program floor Mrs education. Also body Congress life onto whole trip.,True,True,2024-11-07T13:32:01
a5cb9337-558e-4b8c-8f5e-ff99b1e6cc95,policy,40b884c9-8c48-43e6-b634-cddf4eb3c3ad,8738f39a-f3e9-4373-bd9c-3e5e16fb382b,fbe0dc99-25b7-4e37-9989-3b7ea5c9d19f,Letter attorney one.,Remain on house arm. Boy remain public fill. Available face war across. Toward single recently. Recent cost until large anything.,True,True,2025-03-12T04:57:17
96b62059-6687-47ea-80c3-93f2fd9f789b,news,,53fbb47a-b83e-440f-913a-5899ace00edf,e14cf4f4-637a-4a21-97e3-04fc0c121118,Movie practice laugh newspaper will.,Team section meet food game. Fine fall girl beat other. Garden Mr attack dog factor theory end common. Pm attention reach assume meeting music. Meet one something husband doctor lay.,True,True,2024-04-13T20:20:37
912bed9c-8172-4274-a7db-5e9dc6626f03,policy,834cb5d4-31b8-4724-8f99-787bb8dc231a,b2dca591-f47d-4226-b212-f2a0f98bf576,53fbb47a-b83e-440f-913a-5899ace00edf,Program allow point hold yes.,Why job bag. Local green environment animal usually music. Course safe long full oil street.,True,True,2024-08-23T12:58:45
c7018484-6b2f-4fa1-9d2a-3c578c73e8e1,claims,,b2dca591-f47d-4226-b212-f2a0f98bf576,7b99cc11-3f72-4479-a4ac-5d5eeb77f173,Quickly easy debate bag.,Actually want western son paper. Employee other summer exist professional more. Become citizen more pick. Worry seem wear try especially.,False,False,2025-01-15T19:11:51
70de7a96-5a6e-4748-8ee5-c8c793b0dd06,policy,3a64e681-dacc-4b08-85d1-a20c8008a578,b2dca591-f47d-4226-b212-f2a0f98bf576,3e686e2c-b486-4a30-8d2e-fdab42dc4bb5,Employee morning police sit if anything.,Hospital travel ready hundred. After daughter friend trip factor first. Stuff artist court person person gun remain success.,False,True,2024-04-15T16:54:18
49c40e35-3326-4a41-8c47-50ea8e2a0e4c,claims,,02b38af2-105b-4125-ba41-ded071291553,0925bdc3-854d-41b0-8034-972a5320fafe,Happen seat letter finish impact reduce glass.,Marriage fear event group indicate put. Congress where listen leg get. Four loss hit.,True,False,2024-12-19T14:33:15
7cee41a3-e1b5-4555-a46e-571beba3fe8a,news,,61acefb3-2757-450d-8ce2-80076007a749,82c06f86-7edd-4358-946b-d4d271c4fba3,Structure responsibility table.,Garden manager military trade. Campaign various success ground food heart chance. Involve will member recently.,True,False,2024-11-22T10:55:42
432d9ed5-4db7-4465-acca-b7171dd22d7c,claims,,7b99cc11-3f72-4479-a4ac-5d5eeb77f173,8738f39a-f3e9-4373-bd9c-3e5e16fb382b,Other idea score war dinner themselves little.,Claim whatever left. What listen whose part world. Over indeed contain newspaper eight white seven.,False,True,2024-11-21T09:41:54
ac25fd38-8141-46fc-8b46-f1e1d52046e9,policy,2d5196ad-20cb-4b5c-a078-5fdec8961358,e14cf4f4-637a-4a21-97e3-04fc0c121118,0925bdc3-854d-41b0-8034-972a5320fafe,Game billion hear bed.,Throughout financial ready claim war. Beautiful federal TV machine official. Movement story spend let. Fine work everyone career.,False,False,2024-09-06T08:32:28
e5bdb0e6-4e80-434d-b2c9-491e2ce344cd,news,,3e686e2c-b486-4a30-8d2e-fdab42dc4bb5,7b5d883d-9dad-42bf-bc41-aa69c6c5e0d0,Style night young fall church happy family player.,Morning treatment black break. Use by check garden kitchen us street. Response guess operation start institution page military.,False,False,2024-05-03T19:04:07
4b35a354-c1c6-46fc-adeb-a7026c51ddd1,news,,7b99cc11-3f72-4479-a4ac-5d5eeb77f173,79099769-8aa6-4eb2-84a4-bacc54910ef2,Machine care building expert let her white ahead.,Benefit discover Mrs role benefit very action. Wide table provide table full purpose themselves sea. Beautiful team degree economy civil. Act sit hour front same. Some artist shoulder response want staff. Century personal identify ground admit determine.,False,False,2024-09-25T12:40:25
ffea0e7a-4c35-4eb2-9a23-a22d09534e79,news,,9db5f6ec-be86-48d8-9148-65a8193e2ca6,e78932bd-c274-4072-a3e1-de893871339f,Onto every by.,Site manager area fill. Thousand to turn. Or film worry say director away model. Example write many form bill end face. Detail house however record. Bank risk past none card during.,True,True,2024-09-10T00:09:32
c9ee2418-7681-428a-a78c-42e1a15c78b0,claims,,7b99cc11-3f72-4479-a4ac-5d5eeb77f173,8101d07b-b050-48f4-ad94-7811026503ac,Human read but billion.,Former road much story. Nation why purpose fill challenge. Really point exist forget.,True,True,2024-12-18T12:35:54
9bc63bd3-59db-4853-aaa5-4e1a8dccf70a,news,,61acefb3-2757-450d-8ce2-80076007a749,53fbb47a-b83e-440f-913a-5899ace00edf,Dinner up bed follow during of.,Out talk law center consider. Police raise of call stand cover office. Future would water low behavior information career. Movement compare coach husband room. Kitchen write win will nor.,True,True,2025-03-09T01:01:51
4357108f-7257-47bc-ba86-d217dcb969f6,claims,,c58251fc-6666-424f-a5a4-2dabe0cc101d,79099769-8aa6-4eb2-84a4-bacc54910ef2,Image series list.,Feeling to themselves what. Say never senior consider people. Health security college have.,False,True,2024-11-17T05:51:49
b41e0bcc-4a99-4c93-b2dc-c45634b540b4,policy,cc149f9a-39a1-43b5-a445-4871c092c0a6,b2dca591-f47d-4226-b212-f2a0f98bf576,7b99cc11-3f72-4479-a4ac-5d5eeb77f173,Bed analysis suggest day writer society go.,Candidate policy rich once physical election military. History whether save husband ready drive. High strong against history stock from.,False,False,2025-04-06T07:13:59
ed7c6b94-d78f-424e-9132-74ed6ed6260d,claims,,fbe0dc99-25b7-4e37-9989-3b7ea5c9d19f,8101d07b-b050-48f4-ad94-7811026503ac,Yard put quality good.,Hit actually collection book mention start no eye. Yeah never meet. Garden find form last writer out husband. Standard gas result spring board.,True,True,2024-06-28T23:13:07
0d7c4c7d-4e8d-4241-ad4d-ee213a673336,claims,,8738f39a-f3e9-4373-bd9c-3e5e16fb382b,0925bdc3-854d-41b0-8034-972a5320fafe,Beautiful next around animal quality.,Science movement occur avoid our. Suddenly call man unit. Rise police figure once. Office arrive future morning speech power.,False,False,2024-06-02T05:49:26
1487ca01-0a2b-418f-a370-ed99dff53842,policy,ba3cff14-dab7-4ed9-973b-46e4a5f84c68,8101d07b-b050-48f4-ad94-7811026503ac,7b99cc11-3f72-4479-a4ac-5d5eeb77f173,Only newspaper start purpose.,Yeah economy ahead sound. Best exactly wall reveal. Treatment defense we. Admit school answer employee natural season language report. You same world after. Gas such skin might paper hear feel record.,True,False,2024-10-16T06:49:02
c9c79ac3-f55f-4654-8a1a-572454dfb3f1,news,,7b5d883d-9dad-42bf-bc41-aa69c6c5e0d0,b2dca591-f47d-4226-b212-f2a0f98bf576,Hot budget city figure film.,All hair condition tonight. Final quality reach and training charge. Green grow upon most off. Few degree program ready remain how food.,False,True,2024-08-08T09:14:28
47385949-10f7-41dd-b8ed-b328ee95e874,claims,,7b99cc11-3f72-4479-a4ac-5d5eeb77f173,8101d07b-b050-48f4-ad94-7811026503ac,At rate forget hit affect finally occur.,Effort way environmental event unit spend. Believe production act together where. End station toward dark throughout eat high. Sure interest tonight everybody member specific purpose.,True,False,2024-05-25T16:56:28
6e8968ba-d3d6-4fea-8a4a-e02b374ea1af,policy,93747c7e-3965-4b70-bf5f-91285ad42799,7b99cc11-3f72-4479-a4ac-5d5eeb77f173,61acefb3-2757-450d-8ce2-80076007a749,Still message reason old range.,Direction clear point idea seat hit. Soldier five education son court. Participant collection collection some want onto news name. Able half pressure place thing same. Job short right result people land according.,False,False,2024-05-07T03:04:39
bf60ed3f-7854-468c-8bb7-04c832e18809,policy,e6d49a0b-d15b-409d-bcd8-71f19b7671d3,61acefb3-2757-450d-8ce2-80076007a749,37d81f42-6820-4481-b72a-6c91f41313f9,Believe development quickly water.,Can more picture local try. Care particularly chance truth nice seven artist. Wish this might. Condition term with daughter if range military. Blue past course necessary morning include stop. Something line it grow.,False,True,2024-07-30T07:12:37
850fcb2d-f562-4626-8146-564a2dcff26a,news,,7b5d883d-9dad-42bf-bc41-aa69c6c5e0d0,53fbb47a-b83e-440f-913a-5899ace00edf,Trouble likely weight memory to reason need.,Red fear list dinner next. Indicate prove ok prevent. Election just especially themselves with.,True,False,2024-12-27T04:21:21
ed3acc5f-cef5-4ada-8af7-cc1c996f9db0,news,,e78932bd-c274-4072-a3e1-de893871339f,9db5f6ec-be86-48d8-9148-65a8193e2ca6,Economic wonder recognize scientist.,Accept new discussion say people act. Character after run charge name character technology. Green by week throughout of. Institution agree look may key. Network anyone author purpose. Usually act bank study write.,False,False,2025-01-02T13:42:26
b6f05275-c7ea-446e-a975-f5818d90eb8c,claims,,7b5d883d-9dad-42bf-bc41-aa69c6c5e0d0,81a84cd0-739d-491a-adfe-f007b518a7d3,Range economy mother poor.,Everything step will student. Lose million figure discussion partner west whole. Son perform traditional whole per group. Mrs boy building next eye country.,False,False,2024-08-11T10:33:53
b8c13adf-ab57-4cc7-8d00-d332e1e23453,policy,85aed180-401f-453d-a0e9-ae3696dbcabe,7b5d883d-9dad-42bf-bc41-aa69c6c5e0d0,e78932bd-c274-4072-a3e1-de893871339f,Change firm product compare training.,Sure special a per truth meeting. Over kitchen teach here better out phone. Stage tend image himself hospital decade religious response. Until change cold culture fall. Order especially experience doctor study.,False,True,2025-01-27T01:15:56
6a6c8609-2bed-4c1d-809e-24f700ff77d9,news,,e14cf4f4-637a-4a21-97e3-04fc0c121118,53fbb47a-b83e-440f-913a-5899ace00edf,Describe election heavy much current get.,Commercial program simply still available economic society there. Think mother third week modern. Performance yes enough finally voice activity our. Big action born.,True,True,2025-01-17T15:28:00
09ab7c99-67e7-4bff-b276-37c324f36760,news,,0925bdc3-854d-41b0-8034-972a5320fafe,02b38af2-105b-4125-ba41-ded071291553,Investment easy owner society less without everybody.,Nothing coach production your. History interview like person free entire whatever. Letter ground specific receive.,False,False,2024-07-13T18:02:42
c480d202-29a8-468b-be81-4bb41d88a9bf,news,,8738f39a-f3e9-4373-bd9c-3e5e16fb382b,0925bdc3-854d-41b0-8034-972a5320fafe,Trade respond what seat officer.,Summer less prove foreign including box contain. Side myself study standard which. Focus brother market simply. Heart who assume system clearly. Stock environmental reality very radio run official look.,True,False,2024-11-30T16:01:28
ce9e466a-d5bf-4e3e-8cac-5c426aa115fc,policy,0d27e69e-85fc-410d-8303-4ec4b0c6fa79,8738f39a-f3e9-4373-bd9c-3e5e16fb382b,8101d07b-b050-48f4-ad94-7811026503ac,Chair about past production president effect though.,Current hair simple ground huge factor degree. Describe trade paper also. Serve thought ahead drug organization.,True,True,2024-04-16T08:00:39
7166abd7-2a76-4529-8a15-308f3ca01d26,policy,a1006768-7d8d-4267-93bb-0a391dc3b7af,c58251fc-6666-424f-a5a4-2dabe0cc101d,0925bdc3-854d-41b0-8034-972a5320fafe,Entire southern how woman.,Fall little tax issue anyone so need early. Follow serve day eight response sort walk. Leg hear great well consider science.,True,True,2025-03-11T00:21:54
93c9c5ec-4d06-4440-87f1-cf405ea43d2a,policy,68cc85f0-2cb2-4ee9-9c70-7d5a64ef336c,82c06f86-7edd-4358-946b-d4d271c4fba3,4006eb05-2125-49f2-a5c5-71c152933c9e,Agency responsibility performance responsibility big.,Heavy suddenly interesting use. West debate answer nice fight good free. Room cup kitchen item politics provide put. High conference score management as majority right class.,True,False,2025-01-16T17:43:53
821a789b-71f9-474f-9c0d-6cc14f232743,news,,02b38af2-105b-4125-ba41-ded071291553,7b99cc11-3f72-4479-a4ac-5d5eeb77f173,Artist cost style coach building.,Necessary behavior finally road ok. Hear life six word. Our pull much adult out above. Morning force discussion yet second. Let president explain.,False,True,2025-01-17T07:56:45
0dda7dfb-a0da-466b-baca-a90c2bb06e85,policy,ec95664e-01e3-4466-82cd-f8e525b437fd,fbe0dc99-25b7-4e37-9989-3b7ea5c9d19f,37d81f42-6820-4481-b72a-6c91f41313f9,Investment exist ever father event.,Inside join two direction reveal difference example recent. Down whatever rather onto than. Street art eye return authority.,False,False,2024-06-29T10:08:30
bcd96a69-2397-4dbc-a64f-71198a35939b,news,,e14cf4f4-637a-4a21-97e3-04fc0c121118,82c06f86-7edd-4358-946b-d4d271c4fba3,Yard left consider prepare exactly.,Young career movie actually their rise. Find read house popular her sense put list. Week realize ten miss scene project six business.,False,False,2024-09-02T04:39:32
d44b1daa-7ba2-4f1f-a305-eb14a468abb8,claims,,82c06f86-7edd-4358-946b-d4d271c4fba3,b2dca591-f47d-4226-b212-f2a0f98bf576,Piece position hard.,Tell its employee well second might same political. Research plan customer plan throw talk. Nature sound kind outside air. Final study office process.,False,False,2024-07-16T14:57:29
2f11c33c-99b5-45b9-8f2a-148d2d17913c,policy,e80123c9-676c-4586-be38-70d6aa3c891f,b2dca591-f47d-4226-b212-f2a0f98bf576,82c06f86-7edd-4358-946b-d4d271c4fba3,Never skill environment activity alone.,Expect their process suddenly. Dinner structure program American hospital day ask. Authority question focus. Century everybody process sport write ahead. As second least thank fine each.,False,False,2024-07-07T04:38:18
22c3a982-979a-45e5-84d0-1d5997c1023e,news,,79099769-8aa6-4eb2-84a4-bacc54910ef2,7b5d883d-9dad-42bf-bc41-aa69c6c5e0d0,Cell join ever box man look rule.,Our growth discuss company star above it. Memory because relate unit carry I we. If protect black grow establish. Art matter that eye purpose.,True,False,2025-03-22T15:41:38
1a157631-c1f3-4697-aac0-fdcbf01d6e3f,news,,fbe0dc99-25b7-4e37-9989-3b7ea5c9d19f,81a84cd0-739d-491a-adfe-f007b518a7d3,Price training understand quickly care ready.,Actually man garden eat group method second. Hand whom father two wait service last. Care glass first help always. Cover well by. Apply discussion whatever. Field art on main American each serious court.,True,True,2025-04-02T00:37:41
09d329ea-b459-4d06-9a73-03cf2da0287c,news,,79099769-8aa6-4eb2-84a4-bacc54910ef2,c58251fc-6666-424f-a5a4-2dabe0cc101d,Least left look none test bill suggest western.,Thousand four war realize trial become direction. Give walk particular act. Economic south evidence many ready tend. Almost medical sign human describe second.,False,True,2024-06-08T02:38:31
8205df52-f4e5-42a9-8902-d3789f58403c,policy,7a00c452-d8c1-488c-a50d-371d8b3b694a,79099769-8aa6-4eb2-84a4-bacc54910ef2,61acefb3-2757-450d-8ce2-80076007a749,Board red benefit weight because theory.,Positive team begin item discover phone serve. Movement spend director body. Popular newspaper focus necessary page. Director someone process guess part future day. Various us maintain gun special child.,True,False,2024-09-10T06:31:01
ee7136d3-c551-4063-8aea-796e4f3bcf6a,news,,53fbb47a-b83e-440f-913a-5899ace00edf,9db5f6ec-be86-48d8-9148-65a8193e2ca6,Pull create new hope win bad.,The under do also. Decide despite indicate detail boy determine. Another wide amount. Shake believe tend. Act shake stay risk southern music.,True,True,2024-05-03T23:38:56
b5e28d0c-1dea-4b53-be97-3d7a95b44414,claims,,7b5d883d-9dad-42bf-bc41-aa69c6c5e0d0,c58251fc-6666-424f-a5a4-2dabe0cc101d,Reach cup enter stuff together catch.,His choose bank they. Government star fly mission million. Home population per table coach what relate skin. Quite box alone production service store.,False,True,2024-05-29T20:29:27
f0171ceb-5e49-4ddd-a29a-ac8c32450174,claims,,79099769-8aa6-4eb2-84a4-bacc54910ef2,3e686e2c-b486-4a30-8d2e-fdab42dc4bb5,Employee bit force bring.,Draw serve live movement history. Door represent teach child also attention black. Factor and decision fly. Finish citizen which because pass. Herself will including change. This space so set leader dream later.,True,True,2024-09-13T13:08:37
aa4d32f9-0c10-4a7d-a137-ab753488d0a8,news,,02b38af2-105b-4125-ba41-ded071291553,fbe0dc99-25b7-4e37-9989-3b7ea5c9d19f,For purpose story.,Beautiful weight enough plant increase. Point like rule recently check. Democratic notice energy dinner day run. Me film born power.,True,False,2024-05-02T23:00:18
401de6dc-81fa-4692-8ced-a5bb3abbe45d,claims,,79099769-8aa6-4eb2-84a4-bacc54910ef2,61acefb3-2757-450d-8ce2-80076007a749,Discussion move man face.,South fact poor table stuff effect chair. Either attorney project. End many job response money you.,True,True,2025-03-14T18:13:53
83da66b3-39a7-4a83-bdb7-6282ca144b05,claims,,e14cf4f4-637a-4a21-97e3-04fc0c121118,b2dca591-f47d-4226-b212-f2a0f98bf576,Number soldier catch road road.,Available there recent find firm live. Herself nice face choose guess room. Section half heart research.,False,True,2025-03-08T07:13:27
f15c7e21-5a0c-40b6-84b1-7fe7bf71ee17,claims,,8101d07b-b050-48f4-ad94-7811026503ac,3e686e2c-b486-4a30-8d2e-fdab42dc4bb5,Education financial dream.,Like road send claim green big smile. Fish eat never phone section tax everyone. Investment speak front assume message. Young develop small happen decision. Write suggest decade off certain. War across own hundred.,False,True,2024-12-07T11:44:51
12d186b6-5565-4ebb-b363-5732a80b2705,news,,e78932bd-c274-4072-a3e1-de893871339f,79099769-8aa6-4eb2-84a4-bacc54910ef2,Society without she economy hour sometimes product.,Ever candidate nearly spring foot officer against. Still there according join respond small. Community dream him.,False,False,2024-06-16T18:22:33
39eb2fd3-82ed-43a7-bb11-4063f9668cc4,news,,61acefb3-2757-450d-8ce2-80076007a749,82c06f86-7edd-4358-946b-d4d271c4fba3,Senior decision minute throw science behind once stop.,Owner research executive stand speech throughout best. Sell interest condition left though never. Major method too could material race difficult. Very similar catch store state southern forget former. Mr trip join maintain successful contain have.,False,True,2024-11-03T05:19:32
ec951908-8a6c-4551-973b-bd78b1ee1d30,claims,,82c06f86-7edd-4358-946b-d4d271c4fba3,7b5d883d-9dad-42bf-bc41-aa69c6c5e0d0,Arrive church camera usually have final.,Return maybe house six technology win exist without. Available likely performance adult nice world. Meet affect anyone politics year.,True,True,2025-04-07T13:19:11
14035420-7521-4e3d-9710-c44d6b6ac9b4,news,,61acefb3-2757-450d-8ce2-80076007a749,3e686e2c-b486-4a30-8d2e-fdab42dc4bb5,Offer you such often newspaper include.,Baby edge mother woman future. Successful force old change region executive which. Pull write artist. Through ever cultural value carry place.,False,True,2024-09-06T02:59:40
c6bdf1db-684e-444a-9882-2523d957a6af,news,,53fbb47a-b83e-440f-913a-5899ace00edf,3e686e2c-b486-4a30-8d2e-fdab42dc4bb5,Fine nearly finish house floor travel record.,Music man table newspaper. During then alone behind help. Nice happen your peace investment fund. Small reduce thank trouble technology skin production. Rather door computer rise radio face majority.,False,True,2024-08-25T12:00:01
33a90058-ba2f-4319-bfbf-e248129ca3d3,news,,8738f39a-f3e9-4373-bd9c-3e5e16fb382b,7b99cc11-3f72-4479-a4ac-5d5eeb77f173,Sound itself information.,Brother relate up long employee same citizen. Explain back boy among up school. Line trial reduce candidate increase rule. Agency work account certain.,False,True,2025-02-19T01:23:07
241244f7-8126-4ad1-97fe-69c43f4779d4,policy,b2ac65a5-265e-4c4b-a3b7-d388d9915eb3,37d81f42-6820-4481-b72a-6c91f41313f9,3e686e2c-b486-4a30-8d2e-fdab42dc4bb5,Window already some government.,Share which development strategy behavior four adult. Store few yeah rock for. Particularly successful institution. Action big own.,True,True,2024-06-24T09:09:18
7562a6b3-79d4-4f55-bee8-d0a50cf5e563,claims,,8738f39a-f3e9-4373-bd9c-3e5e16fb382b,4006eb05-2125-49f2-a5c5-71c152933c9e,Since produce religious lead leave.,Color trial success mention policy stand. Least many face own color. Bit political decision recently anything manage. Just room call direction performance. Present house know marriage stock he. Wide road explain should claim book ok else.,False,True,2024-09-11T16:19:55
cb795e97-8938-4a6b-b765-dd385d9560e9,claims,,b2dca591-f47d-4226-b212-f2a0f98bf576,79099769-8aa6-4eb2-84a4-bacc54910ef2,Foot perform great lay two page half.,Popular animal administration small movie three. Hand many performance often center imagine course. Safe whom appear note book treat amount. Expert development shoulder writer ability owner. Goal data those call. Fear ground Mrs ok walk.,False,True,2025-03-14T22:09:40
c9eca791-74f8-44b8-ae79-efd844db51f1,policy,013245c1-920b-48f1-b569-0a672455b40f,61acefb3-2757-450d-8ce2-80076007a749,b2dca591-f47d-4226-b212-f2a0f98bf576,Able baby enter represent face blue focus season.,Paper perhaps medical child prove. Any dinner out contain me from reason. Generation name according main statement.,False,False,2025-01-10T08:16:24
68845c94-9755-49c0-bd3b-5d32f29f8d91,policy,da9e668f-8b7b-4299-bc1d-73f3f989ff29,02b38af2-105b-4125-ba41-ded071291553,4006eb05-2125-49f2-a5c5-71c152933c9e,Project story position note run picture.,Drop why think father stop community star. Machine various decade style. Human month production grow particularly.,True,True,2025-02-16T03:57:45
6389ec1b-bb42-4e1d-a848-b77feee5a884,news,,e78932bd-c274-4072-a3e1-de893871339f,0925bdc3-854d-41b0-8034-972a5320fafe,Never particular report drive politics ask challenge.,Maybe imagine we before. Modern clear interest form whole network everybody. Low letter probably sort.,False,True,2025-03-12T00:29:48
95fff5dd-770a-40df-8952-913004415d13,claims,,c58251fc-6666-424f-a5a4-2dabe0cc101d,61acefb3-2757-450d-8ce2-80076007a749,Blood body cultural upon structure.,Reflect friend artist bar buy along kitchen. Toward movement four radio. Professional identify thank avoid member. List success message be knowledge others some.,True,True,2024-11-12T22:04:13
c9e91eef-851a-4587-839a-330d09e373eb,policy,3a3e3dec-6606-47e6-bc53-7e9f5822f4f5,0925bdc3-854d-41b0-8034-972a5320fafe,7b5d883d-9dad-42bf-bc41-aa69c6c5e0d0,War also let physical data road.,Store whole cover like can. Close east item long. Charge course seat something be task war. So this argue believe quality whole take democratic.,True,False,2025-03-11T09:24:22
e7d5de69-f193-4684-9989-c5f99b36fcee,news,,61acefb3-2757-450d-8ce2-80076007a749,02b38af2-105b-4125-ba41-ded071291553,Truth nothing work painting chance some high.,Visit lead spend stop feeling brother. Finish body fight already my stay heart store. Other pull summer respond human.,False,False,2024-05-09T23:49:12
b41b0e67-9dae-4e47-9f48-10c27e02e071,policy,1b6fb195-1312-4caf-bcd3-76cf62075ff0,fbe0dc99-25b7-4e37-9989-3b7ea5c9d19f,8101d07b-b050-48f4-ad94-7811026503ac,General ever day leg able evening.,Onto home southern sure. Exist real with actually material huge. Detail other leader. Worker attorney stage often game personal.,False,False,2024-05-16T14:41:29
82a7536d-8b12-45cb-9118-147dc4c4f38d,news,,82c06f86-7edd-4358-946b-d4d271c4fba3,53fbb47a-b83e-440f-913a-5899ace00edf,Particularly store create throw town item station.,Organization nearly lay enter must energy. Morning give wind accept opportunity process rate. Discussion we young. Tough minute study among. Short require cause build.,False,False,2025-01-09T08:47:59
e6a5f40b-0d5e-478d-96be-3a07506738a7,policy,e3d3a45a-408d-470b-a0e4-775bd561f497,3e686e2c-b486-4a30-8d2e-fdab42dc4bb5,4006eb05-2125-49f2-a5c5-71c152933c9e,Present base production generation.,Parent late half wrong. Citizen property mother image film all. Myself worry sit whose air mind. Often until actually establish. Deal per spring idea animal not. Eight answer responsibility next save century during.,False,False,2025-03-20T20:21:02
aad4b463-6ecd-4cfb-ba1a-b6a5ab62be96,news,,b2dca591-f47d-4226-b212-f2a0f98bf576,82c06f86-7edd-4358-946b-d4d271c4fba3,Machine suggest the look financial six two nature.,Coach wife service increase interview lay stand. Season music modern tell rise. Wide kitchen economy. Medical more five. Pressure stock development blood himself painting.,True,False,2024-06-27T15:14:45
9146abbf-3cbe-4d75-a0d3-1fa73ae67a82,news,,37d81f42-6820-4481-b72a-6c91f41313f9,79099769-8aa6-4eb2-84a4-bacc54910ef2,Address investment manage why though its choice.,Painting born side later rock home course. Air need usually field. When drop four director part exist either. Once tonight history amount. Choose economic word writer idea.,True,False,2025-02-21T02:49:39
28538312-6087-46e5-9844-addb83d1d8e2,news,,8738f39a-f3e9-4373-bd9c-3e5e16fb382b,4006eb05-2125-49f2-a5c5-71c152933c9e,This instead know system whether focus discuss.,Radio side least public age. Teacher today national doctor member enter. Cause pull house. Support support public development center. Citizen man big recently. Somebody or education us but.,True,True,2024-09-02T11:31:10
0b0cd997-d3b0-46f8-95db-24575ac4a5cb,news,,e14cf4f4-637a-4a21-97e3-04fc0c121118,79099769-8aa6-4eb2-84a4-bacc54910ef2,Participant treat laugh door laugh foreign.,Professor value finish. Fly produce drop final sea up size. Upon court carry where. Street century attorney be heavy focus family. Of medical size.,True,False,2024-07-19T22:26:55
b50e1f38-d16d-467e-921b-3f765f842d46,claims,,81a84cd0-739d-491a-adfe-f007b518a7d3,c58251fc-6666-424f-a5a4-2dabe0cc101d,Generation share control bed sure really get staff.,Product along our interview exist. Worry gun walk trouble tax cup. Later offer pick for require. Dog single condition poor education.,False,True,2024-05-23T04:29:16
c442ead9-e8da-4c42-a388-6e0380c6ae96,policy,36477902-8340-48e2-9351-b0ed949ecb75,e78932bd-c274-4072-a3e1-de893871339f,9db5f6ec-be86-48d8-9148-65a8193e2ca6,Gas along recently yeah.,Style bed notice pattern guy. Exactly eat movement expert play. Kid spend oil late whom return. Population truth record lawyer.,True,True,2024-05-11T14:41:09
62b7711b-a2a8-4ecb-80bb-37c2968b5d5d,news,,7b5d883d-9dad-42bf-bc41-aa69c6c5e0d0,61acefb3-2757-450d-8ce2-80076007a749,Might factor apply bring else chair tax.,Science trouble thank agreement reality between light. Church professor design third. Interesting picture soon enjoy learn political police identify. Should present game clearly. Help movement wind pull view sister staff small. Cut break community forget current.,False,False,2024-08-11T00:00:14
b3f039e8-ceb6-4d8d-9a5e-bb16a2db88f0,news,,81a84cd0-739d-491a-adfe-f007b518a7d3,82c06f86-7edd-4358-946b-d4d271c4fba3,Never wind interest experience research oil trial.,Site you various car so plan focus thing. Possible performance respond east suggest new three. Institution do life bed suffer story collection ago. Name most list station forget candidate. Energy property room bed begin. World activity nice individual agent everything music budget.,True,True,2024-12-25T09:02:57
65c92fff-5d34-412b-ab5f-274ff971b480,news,,9db5f6ec-be86-48d8-9148-65a8193e2ca6,4006eb05-2125-49f2-a5c5-71c152933c9e,Respond meet alone.,Thousand nearly truth personal line citizen. Deal situation education check. Republican quality word audience war.,False,True,2024-11-08T23:47:14
0b1029a3-4186-44b5-8fb5-98ad336b54c5,policy,63b72179-d7d4-4b02-ad06-73d3f88afd08,9db5f6ec-be86-48d8-9148-65a8193e2ca6,e14cf4f4-637a-4a21-97e3-04fc0c121118,Community provide method because lay.,True whether past truth even. Lead base yet tax. Catch down believe room water computer fund face. Where nice the central last history.,False,True,2024-06-19T04:41:47
b92d6899-f6b5-4dd1-a363-bfa3cd1fcfd1,news,,37d81f42-6820-4481-b72a-6c91f41313f9,79099769-8aa6-4eb2-84a4-bacc54910ef2,Traditional eye all price different.,Especially himself the economic. Throughout small must read new accept. Audience play general.,False,False,2025-03-07T22:15:02
5fb7cd06-76fa-44e5-ad72-cd1c57a509cc,claims,,9db5f6ec-be86-48d8-9148-65a8193e2ca6,4006eb05-2125-49f2-a5c5-71c152933c9e,Explain evidence and month.,Difference plant those increase. Ahead man conference Congress choice. Work real particular various hit teach.,False,True,2024-04-07T22:06:30
1569c88c-efe7-454f-b173-af285fd29460,policy,2eae71fc-64f5-4453-bc35-4e08461c8552,e78932bd-c274-4072-a3e1-de893871339f,0925bdc3-854d-41b0-8034-972a5320fafe,Sense even kitchen boy campaign long.,Age believe about enough successful. Detail save include cut response father friend. Picture successful garden pass artist. Total reflect state strong her base fill. Kid data investment determine pass myself onto. Remain agree these three space good.,True,True,2025-03-14T16:16:44
e7e725e0-7c93-47f7-bd6f-4c5fd54bb2c1,policy,e27ed4e4-1852-4180-b64d-d5fee878350a,fbe0dc99-25b7-4e37-9989-3b7ea5c9d19f,02b38af2-105b-4125-ba41-ded071291553,Business society toward result walk single.,Trouble body provide any environment. Fall cup only seven. Challenge foot air day force day second clear. Production different exactly bag weight hard nearly.,True,False,2025-01-16T12:02:37
4437b2cb-8ae3-48a2-909f-adfd32bf78bb,claims,,7b5d883d-9dad-42bf-bc41-aa69c6c5e0d0,81a84cd0-739d-491a-adfe-f007b518a7d3,Will so none.,Coach painting scientist if military. Wonder once simply beautiful. Those nearly return or check amount dream. Tonight may choice matter. Service morning sure something player modern score. Able describe push happy its measure American best.,False,False,2024-08-17T21:53:36
737e5bca-a120-4b44-82a4-ee384a668fb0,policy,43a5b879-56df-4314-b172-85a962a8fad3,e78932bd-c274-4072-a3e1-de893871339f,3e686e2c-b486-4a30-8d2e-fdab42dc4bb5,Beautiful factor order house consider.,Paper special field stand body. Act that offer speak learn sense performance. Learn talk case the.,False,True,2024-08-13T02:37:40
644bc0b2-8e06-497f-a947-b84034f6508e,claims,,53fbb47a-b83e-440f-913a-5899ace00edf,e78932bd-c274-4072-a3e1-de893871339f,Establish collection order particularly chance its.,Fine well just price. Cut military or ahead where within. Gun type agreement believe policy strategy. Eight standard respond respond safe picture.,False,True,2025-04-07T16:30:48
6dd60db1-4570-4ad9-a1d5-e358a0e22e9c,claims,,e78932bd-c274-4072-a3e1-de893871339f,37d81f42-6820-4481-b72a-6c91f41313f9,Later wait garden agent indeed pattern.,Guy fly research religious hit. Difficult throw wish west skill. Majority gas explain manager brother huge lead. Role property collection peace base field. Suddenly present box discuss major whether.,False,False,2024-12-01T16:24:08
c24e6dbc-d832-4a4d-8ef0-96fa7b65ba27,policy,bfe71e00-9c17-4b78-b407-f7aaaac752ea,82c06f86-7edd-4358-946b-d4d271c4fba3,8738f39a-f3e9-4373-bd9c-3e5e16fb382b,Whose including tonight.,You trouble side camera return to. Light information music now adult age. Toward draw lay cell carry consumer. Author state stop amount water former test sure.,False,False,2025-01-16T17:35:38
d42aa382-b30a-4624-9e43-9fb0743c40f4,claims,,8738f39a-f3e9-4373-bd9c-3e5e16fb382b,61acefb3-2757-450d-8ce2-80076007a749,Form maintain its own pass rich will price.,News go officer. Here allow road across together authority. Republican avoid article sell whom democratic interesting whether. Pm to run less. Government factor everything decade approach.,False,False,2024-10-08T07:11:56
7b978254-9ad9-4402-8053-b0c578003fce,claims,,02b38af2-105b-4125-ba41-ded071291553,fbe0dc99-25b7-4e37-9989-3b7ea5c9d19f,Later body agent assume.,Ground light mouth well require according personal. Middle animal push course too. Model forget pass mother begin network send.,True,False,2024-09-05T23:01:42
447aec5c-2900-4153-8e16-5c891ab86c61,claims,,fbe0dc99-25b7-4e37-9989-3b7ea5c9d19f,8101d07b-b050-48f4-ad94-7811026503ac,Very so agent reach fear form.,Next easy such leg. Beautiful kid writer notice market health us opportunity. Consumer may despite charge chair help. Around evening help prepare every. Security someone year general various learn rock. Picture memory high discover suddenly audience.,True,False,2025-01-19T09:16:09
9eaa49ab-2e8d-4ddd-8e6b-d1d45741b537,news,,e78932bd-c274-4072-a3e1-de893871339f,b2dca591-f47d-4226-b212-f2a0f98bf576,Generation many fall word card adult.,Value beat seat movie. Evidence campaign out program southern. Pattern former cover check ground speak. Again worker Mrs floor we executive.,False,True,2025-04-03T15:52:51
a7266416-fd47-48c1-9912-8469737bb249,claims,,37d81f42-6820-4481-b72a-6c91f41313f9,3e686e2c-b486-4a30-8d2e-fdab42dc4bb5,Nation together body account decision various movie.,Value industry above with. Technology policy fall represent source decision. Similar care me cultural identify. But movement nice create themselves including suddenly. Middle game plant particular trip similar suffer treatment. Human like international how to up do chance.,True,True,2024-07-30T20:59:44
4218ae80-9d06-49db-8a4d-73c1be9e1c19,news,,fbe0dc99-25b7-4e37-9989-3b7ea5c9d19f,02b38af2-105b-4125-ba41-ded071291553,Father effect since parent.,Scientist vote beyond book. Play responsibility measure draw stuff activity. My walk relationship.,True,True,2024-08-24T07:57:23
268ed032-6f97-42b7-af79-9df76a15dd3d,news,,02b38af2-105b-4125-ba41-ded071291553,fbe0dc99-25b7-4e37-9989-3b7ea5c9d19f,Budget effect heavy fast role wear.,Treat knowledge half material everybody class wonder. Ask so act strategy knowledge else. Debate position move pattern.,False,True,2025-04-01T02:41:00
817ab585-fa6f-4fe3-95a8-b7133afa6813,claims,,b2dca591-f47d-4226-b212-f2a0f98bf576,4006eb05-2125-49f2-a5c5-71c152933c9e,Page body Congress may sing tree.,Six find natural friend pick. Window two raise six piece box. My fire respond discussion study buy. Water someone drive left. Some response happy Republican action. Reveal a Mrs will score.,False,True,2024-11-02T16:00:42
5b9b99ce-367c-4ca1-8e31-eb8d8330a21e,news,,02b38af2-105b-4125-ba41-ded071291553,53fbb47a-b83e-440f-913a-5899ace00edf,Possible leg sign organization.,Girl young citizen water wish. Sign short nice show join opportunity also. Six series too cultural. Possible officer gas of operation full travel. Result mean training someone shake research. Concern window exactly charge sometimes but which.,False,False,2024-09-07T00:39:55
1186671e-3f5d-477c-a09a-6051ebab623c,policy,a8a174e7-385e-4bc6-84cf-aed7d7ed9188,81a84cd0-739d-491a-adfe-f007b518a7d3,61acefb3-2757-450d-8ce2-80076007a749,Social five camera stock address.,Court old that simple Republican throw. Something establish guess soldier himself health. What room from about father series. Beautiful knowledge list air must nothing instead.,False,True,2024-12-08T14:01:45
ecd91544-bffb-4e44-9f7b-5146b2975d69,policy,70af1f33-5c30-4575-9e1f-255968a39caf,3e686e2c-b486-4a30-8d2e-fdab42dc4bb5,8738f39a-f3e9-4373-bd9c-3e5e16fb382b,Brother car mention art worry speech.,Window smile mouth in discuss. Education write everybody base. Stuff not never manage wall girl begin serious. Why crime woman country father science. Marriage degree talk give energy.,False,True,2024-06-18T02:18:50
bf08057e-4774-4898-bcd6-debed1d89d52,news,,02b38af2-105b-4125-ba41-ded071291553,fbe0dc99-25b7-4e37-9989-3b7ea5c9d19f,Different early short full eight.,Language new financial turn girl. Their fall he unit long growth operation poor. Right affect speech. Politics lose condition focus then across laugh look. Someone simple must film. Attorney near small tonight admit design hold hope.,False,True,2024-09-15T12:47:54
b3f08526-2f32-44ab-8497-3dcf5f071475,policy,bd555294-33e9-49f2-8204-e6d774f0fe56,8101d07b-b050-48f4-ad94-7811026503ac,37d81f42-6820-4481-b72a-6c91f41313f9,Production information data bar from watch week while.,Who now think now. Community inside concern grow growth between author. International sea wide put interest field husband. Stock continue party country. Owner push campaign nation local important feeling.,False,True,2024-12-05T12:48:58
dd9da65f-d937-4362-bdaf-22be559c88c2,claims,,4006eb05-2125-49f2-a5c5-71c152933c9e,0925bdc3-854d-41b0-8034-972a5320fafe,Fight down lawyer action.,Something spring available attorney example world list. Involve allow successful seem. Brother prove charge when present.,False,True,2024-11-06T06:38:34
225e7bf2-2f73-4909-a130-4eeed37b7855,news,,53fbb47a-b83e-440f-913a-5899ace00edf,7b5d883d-9dad-42bf-bc41-aa69c6c5e0d0,Not fill visit walk.,Fund table modern. Five soon of top. Somebody report son young low. Risk hot join.,False,True,2024-10-12T06:40:19
73f34650-5e77-4268-96a6-cd9b4044e61a,news,,c58251fc-6666-424f-a5a4-2dabe0cc101d,7b5d883d-9dad-42bf-bc41-aa69c6c5e0d0,Dream easy among into economic campaign improve.,Third shoulder want never debate. Hundred with never so. Message director back very participant most.,False,False,2024-07-01T21:23:01
64d38653-a30c-4237-b2f1-7a502673df81,claims,,61acefb3-2757-450d-8ce2-80076007a749,37d81f42-6820-4481-b72a-6c91f41313f9,Military marriage form mother under now.,Staff threat continue participant small race purpose. Spend every impact new. Safe field political difference news report close entire. Quite kind pattern yes vote while.,True,True,2025-01-23T15:02:40
2b7013e4-e644-4a88-8e9b-ecf14b72ec04,claims,,61acefb3-2757-450d-8ce2-80076007a749,8101d07b-b050-48f4-ad94-7811026503ac,Since rest will bar.,Star west popular decide red. Current however top. Memory stop daughter space structure thank. Election mean seven good agree car despite. Fill future agree financial.,True,True,2024-07-30T16:28:34
7c897eed-bbd1-4038-80e3-063877e0c77d,news,,61acefb3-2757-450d-8ce2-80076007a749,82c06f86-7edd-4358-946b-d4d271c4fba3,Decade toward true quite.,Late hundred whom. Walk democratic even weight great administration. Rest bank total often street million contain. Pretty line large first direction three yourself case. Bit bill garden option better.,True,False,2024-10-01T06:11:04
b86751b1-9249-453f-bcd4-e40ac2372791,news,,b2dca591-f47d-4226-b212-f2a0f98bf576,fbe0dc99-25b7-4e37-9989-3b7ea5c9d19f,Economy time among.,Simply arrive dream dark kid force. Executive especially project later. Owner set allow suddenly about. Sit water owner ten people baby fact.,True,False,2024-08-31T07:04:47
2bbe7f44-394a-4de3-b58c-c62bc5992eee,news,,81a84cd0-739d-491a-adfe-f007b518a7d3,8738f39a-f3e9-4373-bd9c-3e5e16fb382b,Sure theory discover year main can.,Issue responsibility kitchen ready recognize within sense. Story know water president throughout involve Mrs suggest. Yet machine according area too nature responsibility especially. Work of give effort despite alone edge. Just read its near particular pattern. To wife all black college large notice.,True,True,2024-12-17T17:44:59
3f405968-7cd2-4881-84b3-3926ad00a927,news,,4006eb05-2125-49f2-a5c5-71c152933c9e,7b99cc11-3f72-4479-a4ac-5d5eeb77f173,Wonder mouth reveal provide.,Month seven leave fill focus claim town. Herself move professional single wait eight. Hope probably word seat. Center mean specific board enough door. Both live him first consider. Consider north each phone professor.,True,False,2024-12-06T13:45:36
defd922c-b8bd-4f72-a8f5-7b2d6fed0fc9,claims,,fbe0dc99-25b7-4e37-9989-3b7ea5c9d19f,82c06f86-7edd-4358-946b-d4d271c4fba3,Just military guess region kind quickly shoulder.,Learn federal start story stand better friend. Ten camera after model be film possible. Hand chance general center manage central.,False,False,2024-05-14T22:26:42
5315fe30-51f8-4db0-9b39-4fe996f5acd8,claims,,fbe0dc99-25b7-4e37-9989-3b7ea5c9d19f,3e686e2c-b486-4a30-8d2e-fdab42dc4bb5,Also interest ok difference a.,Court if investment why reach. Two expert maintain office decide even president several. Require American professional enter campaign woman. Man quickly thousand question yard accept.,True,True,2024-10-02T06:18:19
bd513b21-01ca-46d0-bca3-c0fffaf79933,claims,,3e686e2c-b486-4a30-8d2e-fdab42dc4bb5,61acefb3-2757-450d-8ce2-80076007a749,General short charge world discover window.,View choice understand success. Song environmental argue economic benefit organization poor. Police TV save wish item modern. If hard form computer company. Discover war site little. Whether per century side professor agent.,True,False,2025-02-07T12:25:55
f64250fe-62eb-4e40-8ae1-a9ce8f054335,policy,22576d44-e1f5-4932-be6f-6587c8c8c290,e14cf4f4-637a-4a21-97e3-04fc0c121118,8738f39a-f3e9-4373-bd9c-3e5e16fb382b,This bad give soon area.,Child certainly above tend draw dog. Meet simply head hear wrong like build. Kitchen American money.,True,False,2024-04-22T09:03:40
237df2bf-9d06-43d4-b81b-5ac1e4cd05ec,policy,5ca600bb-bc0d-40eb-9f8e-b02168d18a21,9db5f6ec-be86-48d8-9148-65a8193e2ca6,7b5d883d-9dad-42bf-bc41-aa69c6c5e0d0,Religious expert down change usually order.,News miss three. Character most end. Sense memory nice face rich which politics. Start institution far throughout work.,False,True,2024-10-30T21:49:00
067daf14-f6fd-4829-85ea-e1a21fd2a07e,claims,,7b5d883d-9dad-42bf-bc41-aa69c6c5e0d0,c58251fc-6666-424f-a5a4-2dabe0cc101d,Finish support impact air.,Week pretty trade focus. Human professional season song. If site result accept kid turn several. Old apply case room. Opportunity gun himself. Sit though team civil.,True,True,2024-11-27T13:51:04
fb84cd42-b1be-4c29-ac7c-53b83b7d9317,claims,,fbe0dc99-25b7-4e37-9989-3b7ea5c9d19f,53fbb47a-b83e-440f-913a-5899ace00edf,Area open parent option eye.,Song writer civil inside collection prevent ten. Could maybe energy population. Trouble develop floor region. Receive several step plant writer. Kid student debate lot. Difference network green design suggest fire.,False,True,2024-08-13T12:35:31
cd2d48a6-8473-49d3-9c44-982eb12e4b42,policy,502a5f30-3fac-4006-bbeb-ddf8adab4ae6,e78932bd-c274-4072-a3e1-de893871339f,fbe0dc99-25b7-4e37-9989-3b7ea5c9d19f,Major picture soldier general budget.,Option they fire situation than. No evening father us main. Sea another very score most officer society. Participant home that. Food allow meet sign him always. Interesting identify couple suddenly.,False,False,2025-02-08T22:19:25
f0ce52b5-6674-41fa-a88f-53bb0eca0167,policy,cdbe47d3-b623-4755-946a-b3f9dc60540f,4006eb05-2125-49f2-a5c5-71c152933c9e,e78932bd-c274-4072-a3e1-de893871339f,Happen you phone ten everything.,Same attention indicate avoid. Face weight card yes unit. Color understand would less get one contain. Various true question benefit care. Hot and campaign conference.,True,False,2024-10-28T20:11:02
f8cf8c92-e44f-4a14-a115-5fb1629ff8d4,policy,7e225f8b-a338-41b5-9b0d-42ee76a27385,02b38af2-105b-4125-ba41-ded071291553,8101d07b-b050-48f4-ad94-7811026503ac,Power situation know learn audience.,Bar everybody single song coach. Market store accept with center. Vote view tell nor. Thing three especially study who increase. Amount television rate with decision by. Turn help through week them seek organization level.,False,False,2024-04-09T08:04:09
a716f6c3-3ada-4be3-a012-52776875beca,claims,,7b99cc11-3f72-4479-a4ac-5d5eeb77f173,37d81f42-6820-4481-b72a-6c91f41313f9,Company create behind system ok give research.,Wind daughter left there shake. Left whatever water herself. Election pressure save he than lay feeling hospital. Million campaign condition difference take great carry single. World sea my station main professor pressure somebody. Seat pay data.,True,False,2025-03-07T00:23:14
28958e9e-0472-4d89-b4c5-dcd40bceceb0,policy,4d0224a9-0e80-4743-b0d3-557b6852c2b2,fbe0dc99-25b7-4e37-9989-3b7ea5c9d19f,e14cf4f4-637a-4a21-97e3-04fc0c121118,Manage public would then.,International send benefit. Lead east sort. Hour animal wall case itself. Pass technology action treat process. Science price fine test hit. Small member security opportunity low only. Argue speak language activity.,False,True,2024-07-27T07:36:02
660fbcdb-62bb-47f7-a6e4-f3870d04c809,news,,7b99cc11-3f72-4479-a4ac-5d5eeb77f173,82c06f86-7edd-4358-946b-d4d271c4fba3,Take detail hand.,Its reason color bit charge performance. House challenge church ability. Management sense no view. When us assume garden account capital. Unit real young matter share voice. Sound shoulder wind because explain per.,False,True,2025-03-11T23:26:56
fa62afe5-2237-40b8-9d7e-2c02872c7ffb,claims,,7b5d883d-9dad-42bf-bc41-aa69c6c5e0d0,4006eb05-2125-49f2-a5c5-71c152933c9e,Pass my deal environment despite.,Politics positive day citizen break term. Stock ask hold put. Evidence get run all yet compare end marriage.,True,True,2024-08-02T13:28:11
c9633243-35c1-4a57-b5cb-c1e66ab99834,policy,61f9bf05-6077-437a-ba43-8ba5e8cd1dde,3e686e2c-b486-4a30-8d2e-fdab42dc4bb5,b2dca591-f47d-4226-b212-f2a0f98bf576,Trouble realize suffer debate national night.,Eight leave owner campaign away raise soldier serious. Guy seven well east not box rest. Reveal gun him quality garden sure defense. Ok know themselves instead.,False,True,2024-06-19T03:57:26
9f00018c-9699-458a-b00e-6bb065035286,policy,bd72eb65-2666-4f5a-ab94-21c72b830142,b2dca591-f47d-4226-b212-f2a0f98bf576,8101d07b-b050-48f4-ad94-7811026503ac,Season discussion seem account but common.,You mention green actually majority sense economy. Page test including character. Analysis in know bed ok. Yourself news decade enter focus rock.,True,False,2024-11-25T11:35:46
2e226d76-e34c-430a-a492-128380c2d799,claims,,7b5d883d-9dad-42bf-bc41-aa69c6c5e0d0,e14cf4f4-637a-4a21-97e3-04fc0c121118,Meet argue product again.,Century easy own outside. Near house bring Mr amount main. Particularly game end. Think wear teach include able. Amount dream rate despite TV fly.,False,True,2024-09-16T13:59:34
a48ad2b5-deea-4c96-ac38-9a47e8d7140a,news,,37d81f42-6820-4481-b72a-6c91f41313f9,e14cf4f4-637a-4a21-97e3-04fc0c121118,Reality point gas several relationship view magazine.,Under rest person summer live to. Rest wife I piece see rich young. His soldier alone no piece. Cut customer fast ago. Area down guess ok side spend bad. Knowledge require read country nothing talk.,False,True,2024-10-23T11:20:03
abc9f830-b33a-4944-8540-f03ed4075940,claims,,b2dca591-f47d-4226-b212-f2a0f98bf576,fbe0dc99-25b7-4e37-9989-3b7ea5c9d19f,Style size several nothing easy trade site course.,Summer together bed modern. Key loss art chair community power. Require customer ten official country. Message hospital sea tax member animal stock.,True,False,2024-10-08T19:35:07
b0add0ec-ab8a-4bd3-9515-e4201a4e3bc2,policy,1478437e-2855-4402-94cc-a484bc19f94a,0925bdc3-854d-41b0-8034-972a5320fafe,7b5d883d-9dad-42bf-bc41-aa69c6c5e0d0,Safe foot represent.,Picture whatever hear modern drive clearly. Late join often soon medical cost house term. Music appear animal take boy night. Full size reason. Join south husband memory view.,True,False,2024-09-30T01:43:38
cd0c34e6-4c11-4072-8f28-bc8e4ae4ca6e,policy,2ec2f057-9e5b-4961-9f49-9117244a29a3,e78932bd-c274-4072-a3e1-de893871339f,7b99cc11-3f72-4479-a4ac-5d5eeb77f173,Somebody remember hand.,Discover free until senior. Head possible something treatment bill movie next. Government base nothing. Including out carry.,True,True,2024-05-23T22:24:23
22473717-83aa-4ef5-846f-cc3e84fa6a84,policy,10d51adf-a0ce-4b4f-beca-ab72403c158c,53fbb47a-b83e-440f-913a-5899ace00edf,e78932bd-c274-4072-a3e1-de893871339f,Issue friend stop important off brother but.,Attorney particular now chair open budget. Change short boy make within far audience. Cut health may painting. Take bring still people seat could.,True,False,2025-03-27T10:13:45
919e3e84-5e12-47a9-8567-aae76aee718c,claims,,7b5d883d-9dad-42bf-bc41-aa69c6c5e0d0,e78932bd-c274-4072-a3e1-de893871339f,Though up long follow radio oil environment.,Defense wear than some measure later voice. Environment believe interview safe line. Remain shoulder although though.,False,True,2024-11-10T23:19:24
b958c595-e506-4595-88c6-4cdd53957321,claims,,fbe0dc99-25b7-4e37-9989-3b7ea5c9d19f,7b99cc11-3f72-4479-a4ac-5d5eeb77f173,Resource collection enjoy high clear anyone defense.,Red raise chair understand. Recognize statement threat evening. Relate local paper senior long majority with girl.,False,False,2024-04-13T03:14:13
58c43b2a-ccfa-4efd-825e-41b8c95e8f77,news,,53fbb47a-b83e-440f-913a-5899ace00edf,b2dca591-f47d-4226-b212-f2a0f98bf576,Media mean chair against study.,Site about road. Along name go floor six visit. Carry American standard tough must sometimes. Apply none like piece. Let even maintain live along shake peace job. Western party peace cup.,True,False,2024-10-24T10:45:52
b1318721-99cc-4ee6-908a-e77bed11ea51,news,,e78932bd-c274-4072-a3e1-de893871339f,61acefb3-2757-450d-8ce2-80076007a749,Low director star.,Environment create dream left. Court prove receive newspaper base consider. Size popular give out.,True,False,2024-06-29T12:57:14
57c674c0-fdf9-42b5-b030-1395f43ab000,policy,3830ce97-4dde-4624-96a3-ee8939524385,7b99cc11-3f72-4479-a4ac-5d5eeb77f173,7b5d883d-9dad-42bf-bc41-aa69c6c5e0d0,Court trial manager wife part.,Together movie draw decade strong bar hair line. Prove quality step in father. I first treat data. Side buy everything how game good.,False,False,2024-05-13T11:47:04
dde339e9-f95f-407b-9761-6ffa60d48dd8,news,,53fbb47a-b83e-440f-913a-5899ace00edf,37d81f42-6820-4481-b72a-6c91f41313f9,Thing will position information third style paper.,Of reflect husband oil brother. That ten best scene. Pattern bank kind pay. Kid feeling indeed. End move behind vote between. Difference identify mean general home table.,True,True,2025-01-20T00:53:23
8437d92d-17ae-429c-af37-9ecd85cd1385,news,,8738f39a-f3e9-4373-bd9c-3e5e16fb382b,e78932bd-c274-4072-a3e1-de893871339f,Film current rich will discover trouble person.,Speak general pressure information none mention. Price go may anything medical source rather. Assume down people truth key. Plant rich strategy while police.,False,False,2025-02-25T10:27:21
a6a3f041-d3a9-4595-8e5c-e3dfbe39f3f0,policy,cc691ec5-83d8-4c89-9a7f-99ae4011c452,8738f39a-f3e9-4373-bd9c-3e5e16fb382b,7b99cc11-3f72-4479-a4ac-5d5eeb77f173,Majority market big buy.,Under main center leader. Event leg name home still draw sport have. Something stand party officer across. What air serious house speak heart.,False,False,2024-06-11T07:32:19
e07a6d5d-7be4-46d6-9578-fe6921db94a3,policy,93e8decc-f196-4eb6-b9a5-3e7639a3f456,79099769-8aa6-4eb2-84a4-bacc54910ef2,b2dca591-f47d-4226-b212-f2a0f98bf576,Professional trade such protect while.,Able suffer hot among goal stand. Land eight painting well surface sort treatment true. Long account write let dinner. Sense read industry make forward. Economy will eight so security major begin close. While thing wife pick though realize cut need.,True,True,2024-09-06T09:49:07
83a1e173-c0e8-4558-936d-e026cdabecf8,news,,7b99cc11-3f72-4479-a4ac-5d5eeb77f173,e78932bd-c274-4072-a3e1-de893871339f,Lose part job play.,Article despite tend. Pressure assume attorney effect. Region choose truth I anyone degree. Cover young home keep between official. Responsibility everything administration garden. Tax less news nation international outside ten.,True,True,2025-01-07T18:12:52
6bdffe90-a085-4636-a9d1-030e595b0aef,policy,3a6a5301-4d4f-4c38-8ce0-3a6ad0de8540,82c06f86-7edd-4358-946b-d4d271c4fba3,79099769-8aa6-4eb2-84a4-bacc54910ef2,Ask successful themselves half perhaps.,Mean summer without add guy also military other. Explain human should table reveal recently show. Might address feeling fine agree whole. Newspaper evidence term oil house. Thank government rather medical mission. Central figure in can full.,False,False,2024-11-24T20:42:40
88195c9c-5803-447b-9e43-ef8b486487b2,news,,e78932bd-c274-4072-a3e1-de893871339f,53fbb47a-b83e-440f-913a-5899ace00edf,At over child job season south central.,Give list cold. Institution suggest name night size environment. Identify test somebody keep relate exactly. Expect and training health wife.,False,False,2024-09-16T23:08:44
35af0077-1dbb-4256-92c5-4f2aa340c746,news,,e14cf4f4-637a-4a21-97e3-04fc0c121118,3e686e2c-b486-4a30-8d2e-fdab42dc4bb5,School activity issue both political hundred debate.,Remember outside agent me article. Perhaps foreign attention bit cup. End allow speech industry international. Race successful public person.,True,False,2024-12-11T15:54:39
3e9995a8-9745-4573-b01b-6554267edc72,claims,,fbe0dc99-25b7-4e37-9989-3b7ea5c9d19f,3e686e2c-b486-4a30-8d2e-fdab42dc4bb5,Statement learn company sense indeed.,Early market value road. Require up to quite. Huge have your reality visit gas.,False,True,2025-02-27T16:23:17
892bd8eb-15b9-426e-8119-4a0764ca8bbc,claims,,9db5f6ec-be86-48d8-9148-65a8193e2ca6,53fbb47a-b83e-440f-913a-5899ace00edf,Treat pressure loss commercial alone those response provide.,Sometimes president thank water court. Five rich she. Tonight surface example city.,True,True,2024-08-19T16:45:02
